date,mean_temp,diff_temp,max_temp,min_temp
1/1/2017,0.5,2.7,1.9,-0.8
1/2/2017,3,7.1,6.8,-0.3
1/3/2017,5,5.6,7.1,1.5
1/4/2017,5.8,4.7,7.3,2.6
1/5/2017,0,9.2,3.3,-5.9
1/6/2017,-3,6.2,-0.3,-6.5
1/7/2017,-0.2,5.5,3.4,-2.1
1/8/2017,4.3,3.3,6.1,2.8
1/9/2017,4.8,2.6,5.9,3.3
1/10/2017,5.3,3.7,6.6,2.9
1/11/2017,7.2,4.7,10.4,5.7
1/12/2017,5.2,7.2,7.4,0.2
1/13/2017,3.1,5.4,5.6,0.2
1/14/2017,1.8,4.7,4.8,0.1
1/15/2017,0.7,6.6,4.8,-1.8
1/16/2017,-1.6,5.6,1.2,-4.4
1/17/2017,-3.4,6.3,1.3,-5
1/18/2017,-3.8,3.4,-1.9,-5.3
1/19/2017,-2,8.7,3.1,-5.6
1/20/2017,-0.3,10.3,5.1,-5.2
1/21/2017,-0.2,10.2,5,-5.2
1/22/2017,-1.7,11.1,3.7,-7.4
1/23/2017,1.6,3.4,3.1,-0.3
1/24/2017,0.8,2.1,2.1,0
1/25/2017,-1.1,4.9,0.6,-4.3
1/26/2017,-2.8,5.9,0.6,-5.3
1/27/2017,0.8,12.1,5.1,-7
1/28/2017,5.4,6.1,8.1,2
1/29/2017,4.7,3.4,6.5,3.1
1/30/2017,4.9,4.4,7.2,2.8
1/31/2017,3.7,3.5,6.1,2.6
2/1/2017,3.4,4.9,5.4,0.5
2/2/2017,8.6,7.3,12.5,5.2
2/3/2017,8.6,5.6,11.9,6.3
2/4/2017,5.7,4.8,7.4,2.6
2/5/2017,4.4,8.8,7.7,-1.1
2/6/2017,4.3,7.6,6.6,-1
2/7/2017,2.4,3,3.9,0.9
2/8/2017,0,2,0.9,-1.1
2/9/2017,-1.6,2,-1,-3
2/10/2017,-2.3,3.2,-1.3,-4.5
2/11/2017,-0.4,2.7,1,-1.7
2/12/2017,0.7,3.1,2.5,-0.6
2/13/2017,2.2,8.5,7.1,-1.4
2/14/2017,3.8,9.9,9.4,-0.5
2/15/2017,7.4,13.2,13.5,0.3
2/16/2017,6.8,4.4,9.9,5.5
2/17/2017,7,3.4,8.6,5.2
2/18/2017,5.6,7.1,10.3,3.2
2/19/2017,6.2,6,9.2,3.2
2/20/2017,9.1,3.7,10.9,7.2
2/21/2017,9.6,2.5,11.1,8.6
2/22/2017,9.5,3,10.8,7.8
2/23/2017,8,6.3,10.5,4.2
2/24/2017,4.5,9.3,8.7,-0.6
2/25/2017,5.8,7.1,8.9,1.8
2/26/2017,8.7,3.9,10.6,6.7
2/27/2017,8.7,6.3,10.6,4.3
2/28/2017,4.7,3.3,6.5,3.2
3/1/2017,6.3,6.2,9.4,3.2
3/2/2017,6.6,4,8.2,4.2
3/3/2017,5.9,7.6,8.8,1.2
3/4/2017,9.2,7,13.2,6.2
3/5/2017,6.9,6.8,10.6,3.8
3/6/2017,6,6.3,9.5,3.2
3/7/2017,6.7,4.9,9.4,4.5
3/8/2017,5.9,9.8,10.6,0.8
3/9/2017,7.7,12.1,12.8,0.7
3/10/2017,6.5,12.1,11.2,-0.9
3/11/2017,7.3,11.5,13,1.5
3/12/2017,7.9,13.4,14.8,1.4
3/13/2017,6.5,14.2,13.7,-0.5
3/14/2017,8.8,11.7,14.9,3.2
3/15/2017,9,12.3,13.9,1.6
3/16/2017,9.4,15.7,16.8,1.1
3/17/2017,8.3,3.6,10.3,6.7
3/18/2017,9.7,5.3,12.7,7.4
3/19/2017,11.3,2.9,12.7,9.8
3/20/2017,10.3,2.7,11.5,8.8
3/21/2017,7.5,8.5,9.8,1.3
3/22/2017,6.3,12.7,12.4,-0.3
3/23/2017,8.2,12.1,14,1.9
3/24/2017,8.4,11.1,14.2,3.1
3/25/2017,8.5,12.2,14.3,2.1
3/26/2017,8,9.7,13,3.3
3/27/2017,9.2,15.6,17.4,1.8
3/28/2017,11.3,19.1,19.7,0.6
3/29/2017,12.6,4.4,14.7,10.3
3/30/2017,15.7,11,21.8,10.8
3/31/2017,14.5,12.9,21.8,8.9
4/1/2017,10.8,8.1,14.1,6
4/2/2017,10.3,12.5,16.9,4.4
4/3/2017,8.1,11.6,14.3,2.7
4/4/2017,9.8,14.3,16.5,2.2
4/5/2017,9.2,6.6,12.8,6.2
4/6/2017,8.1,8,11.8,3.8
4/7/2017,10.5,6.5,13.8,7.3
4/8/2017,9.6,12.6,15.5,2.9
4/9/2017,11.7,20.2,21,0.8
4/10/2017,9.8,11.4,15.5,4.1
4/11/2017,9.6,11.5,13.8,2.3
4/12/2017,9.8,3.6,11.9,8.3
4/13/2017,9.3,7.3,13.3,6
4/14/2017,9.9,6.5,13,6.5
4/15/2017,9.6,5.6,12.1,6.5
4/16/2017,7.9,5.8,10.8,5
4/17/2017,6.5,8.2,10.9,2.7
4/18/2017,6.1,10.3,11.1,0.8
4/19/2017,3.9,9.6,8.3,-1.3
4/20/2017,6.9,16.3,12.9,-3.4
4/21/2017,11.1,6.7,14.9,8.2
4/22/2017,7.8,7.3,11.3,4
4/23/2017,6.6,9.4,11.4,2
4/24/2017,9.3,7.8,13,5.2
4/25/2017,5.9,7.8,9.9,2.1
4/26/2017,5,11.8,10.4,-1.4
4/27/2017,6.1,12.9,10.9,-2
4/28/2017,7.6,8.7,11.7,3
4/29/2017,7.6,13.5,14,0.5
4/30/2017,12.3,15.1,18.4,3.3
5/1/2017,11.7,5.5,13.7,8.2
5/2/2017,10,10.5,15.2,4.7
5/3/2017,10.7,7.5,15.2,7.7
5/4/2017,10.4,5.6,13.3,7.7
5/5/2017,8.9,4.5,11.1,6.6
5/6/2017,12.8,12.9,18.8,5.9
5/7/2017,11.7,7.6,16.2,8.6
5/8/2017,9.7,11,15.3,4.3
5/9/2017,8,12.7,13.8,1.1
5/10/2017,9,16,15.9,-0.1
5/11/2017,15.4,18.1,22.8,4.7
5/12/2017,15.5,9.2,21.2,12
5/13/2017,14,10.5,19,8.5
5/14/2017,13.4,13.3,19.9,6.6
5/15/2017,14.9,15.7,21.2,5.5
5/16/2017,20.4,11,26.2,15.2
5/17/2017,22.3,14,28.4,14.4
5/18/2017,16.5,6.7,21.1,14.4
5/19/2017,13.6,6.2,16.7,10.5
5/20/2017,12.5,9.9,17.3,7.4
5/21/2017,14.4,14.8,20.2,5.4
5/22/2017,17.6,16.5,24.6,8.1
5/23/2017,16.1,11.1,21,9.9
5/24/2017,15.9,13.3,22.3,9
5/25/2017,17.4,13.8,23,9.2
5/26/2017,20.3,15.6,26.6,11
5/27/2017,22.9,15.9,31.9,16
5/28/2017,20.5,11.7,26.6,14.9
5/29/2017,21.9,13.2,28.6,15.4
5/30/2017,18.3,5.7,21.2,15.5
5/31/2017,17.4,11.5,22.2,10.7
6/1/2017,16.6,15.9,23.4,7.5
6/2/2017,19.8,15.8,26.6,10.8
6/3/2017,18.4,9.4,23.7,14.3
6/4/2017,15.4,10.8,19.5,8.7
6/5/2017,17.1,14.5,22.9,8.4
6/6/2017,14.1,6.4,17.4,11
6/7/2017,14,6.1,17.4,11.3
6/8/2017,16.8,11.5,23.2,11.7
6/9/2017,16.5,6.6,19.6,13
6/10/2017,17.8,12.2,23.9,11.7
6/11/2017,19.9,15,27.1,12.1
6/12/2017,16.1,3.3,17.8,14.5
6/13/2017,16.3,11.5,20.8,9.3
6/14/2017,17.4,16.9,24.4,7.5
6/15/2017,20,14.4,26.4,12
6/16/2017,16.2,5.1,18,12.9
6/17/2017,18.6,10.3,23.2,12.9
6/18/2017,20.8,16.7,27.8,11.1
6/19/2017,23.6,17.2,30.9,13.7
6/20/2017,21.6,12.5,27.4,14.9
6/21/2017,21.4,16,29.1,13.1
6/22/2017,22.9,13.7,30.8,17.1
6/23/2017,19.6,6.4,23.2,16.8
6/24/2017,17.1,1.6,17.9,16.3
6/25/2017,17.5,3.6,19,15.4
6/26/2017,16.8,8.3,20.6,12.3
6/27/2017,17.3,10.5,21.8,11.3
6/28/2017,18,6.9,21.9,15
6/29/2017,17.5,8.4,21.7,13.3
6/30/2017,16.2,9.2,20.8,11.6
7/1/2017,16.1,7.1,21,13.9
7/2/2017,15.6,10.7,19.6,8.9
7/3/2017,16.6,13.9,22,8.1
7/4/2017,18.6,8.2,23.2,15
7/5/2017,19,12.8,24.8,12
7/6/2017,19.9,15.7,26.5,10.8
7/7/2017,20.6,10.7,26,15.3
7/8/2017,18.6,13.2,24.5,11.3
7/9/2017,17.2,14.1,23.2,9.1
7/10/2017,19.6,11.9,25.9,14
7/11/2017,17.7,5.4,20.7,15.3
7/12/2017,14.9,9.3,18.2,8.9
7/13/2017,14.6,13.1,20.5,7.4
7/14/2017,14.2,10.6,18.6,8
7/15/2017,17.2,10.6,21.5,10.9
7/16/2017,18.6,6.1,22.1,16
7/17/2017,18.6,10.1,23.1,13
7/18/2017,19.9,13.2,25.2,12
7/19/2017,23.5,11.4,29.4,18
7/20/2017,19.1,10.7,24.2,13.5
7/21/2017,18.2,9.9,22.7,12.8
7/22/2017,19.4,9.7,24.2,14.5
7/23/2017,16,5.9,19.1,13.2
7/24/2017,16.1,8.3,20.2,11.9
7/25/2017,16.7,6,20,14
7/26/2017,19,9.8,23.6,13.8
7/27/2017,18.5,5.2,21.4,16.2
7/28/2017,17.2,6.2,21,14.8
7/29/2017,18.2,4.3,20.5,16.2
7/30/2017,18.8,9.6,22.9,13.3
7/31/2017,18.1,10.2,22.8,12.6
8/1/2017,17.8,10.2,22.7,12.5
8/2/2017,17.6,8.5,22,13.5
8/3/2017,19,6,22.5,16.5
8/4/2017,18.3,6.4,21.8,15.4
8/5/2017,15.9,9.8,20.4,10.6
8/6/2017,15.8,12.7,21.7,9
8/7/2017,16.8,13.8,22.6,8.8
8/8/2017,16.2,5.5,19.6,14.1
8/9/2017,16.7,9,21.3,12.3
8/10/2017,15.7,10.8,20.5,9.7
8/11/2017,16.7,8.3,20.3,12
8/12/2017,16.8,9.1,21.6,12.5
8/13/2017,16.2,11.5,21.5,10
8/14/2017,17.9,13.6,24.1,10.5
8/15/2017,17.9,8.2,21.8,13.6
8/16/2017,17.6,11.7,23.3,11.6
8/17/2017,17.3,7.8,19.9,12.1
8/18/2017,16.9,7.1,20.1,13
8/19/2017,15.4,6.9,19.6,12.7
8/20/2017,15.8,8.3,19.8,11.5
8/21/2017,15.9,9.6,20.8,11.2
8/22/2017,18.2,10.6,23.5,12.9
8/23/2017,19.6,12.1,25,12.9
8/24/2017,17.9,11.1,22.2,11.1
8/25/2017,16.9,13.2,23.4,10.2
8/26/2017,18.2,15,25,10
8/27/2017,17.8,13.7,24.7,11
8/28/2017,18.7,16.2,26.8,10.6
8/29/2017,21,16.8,29,12.2
8/30/2017,17.8,9,22.5,13.5
8/31/2017,14.4,10.2,19.7,9.5
9/1/2017,14.7,9.5,19.3,9.8
9/2/2017,13.3,11.7,19.4,7.7
9/3/2017,13,14.3,20,5.7
9/4/2017,15.8,13.2,21.6,8.4
9/5/2017,18.6,5.9,21.7,15.8
9/6/2017,15.9,4.7,18.3,13.6
9/7/2017,15.6,5.5,18.5,13
9/8/2017,15.1,1.9,15.8,13.9
9/9/2017,13.2,9.5,17.7,8.2
9/10/2017,13.9,9.5,17.7,8.2
9/11/2017,14.1,5.7,17.4,11.7
9/12/2017,14.6,6.1,18.3,12.2
9/13/2017,14.1,6.8,17.6,10.8
9/14/2017,11.7,4.2,14.4,10.2
9/15/2017,12.5,6.7,16.4,9.7
9/16/2017,10.6,6.7,12.9,6.2
9/17/2017,10.8,12.4,17.2,4.8
9/18/2017,12,8.8,16.2,7.4
9/19/2017,12,9.4,17.4,8
9/20/2017,13.5,9.5,17.5,8
9/21/2017,13.4,9.7,18.6,8.9
9/22/2017,11.9,13.4,19.2,5.8
9/23/2017,10.9,14.4,18.3,3.9
9/24/2017,12.1,15.9,20.4,4.5
9/25/2017,14.2,8.4,18.1,9.7
9/26/2017,13.2,8.6,17.2,8.6
9/27/2017,13.6,13.6,20.2,6.6
9/28/2017,15.8,7.9,20.6,12.7
9/29/2017,17.1,10,22.7,12.7
9/30/2017,13.1,8,15.7,7.7
10/1/2017,14.1,7.7,17.4,9.7
10/2/2017,15.6,4.5,17.9,13.4
10/3/2017,13.6,4.6,16.4,11.8
10/4/2017,13,3.8,15.2,11.4
10/5/2017,12.9,5.7,16,10.3
10/6/2017,11.6,5.5,15,9.5
10/7/2017,12.2,3.7,14.3,10.6
10/8/2017,12.1,5,14.7,9.7
10/9/2017,12.1,3.3,13.4,10.1
10/10/2017,14.3,3.4,15.8,12.4
10/11/2017,14.8,1.9,16.1,14.2
10/12/2017,13.4,5.3,16.1,10.8
10/13/2017,15.3,7.3,18.2,10.9
10/14/2017,14.8,10.3,19.9,9.6
10/15/2017,15.8,12.8,22.1,9.3
10/16/2017,18.6,10.7,24.4,13.7
10/17/2017,12.9,8.4,16.6,8.2
10/18/2017,13.7,8.2,18.6,10.4
10/19/2017,15.7,10.3,20.4,10.1
10/20/2017,13.7,6.3,16.7,10.4
10/21/2017,13.2,7.1,17.5,10.4
10/22/2017,10.8,3.6,13.2,9.6
10/23/2017,12.6,4.9,15.2,10.3
10/24/2017,15.3,4.1,17.1,13
10/25/2017,14.2,8.1,17.1,9
10/26/2017,14,4.8,17.5,12.7
10/27/2017,11.8,4.5,14.4,9.9
10/28/2017,12.4,6,15.3,9.3
10/29/2017,10.7,8.4,15.2,6.8
10/30/2017,8.3,7.6,12.1,4.5
10/31/2017,10.1,3,11.2,8.2
11/1/2017,11.2,3.9,13.5,9.6
11/2/2017,9.8,10.2,14,3.8
11/3/2017,8.8,9,12.4,3.4
11/4/2017,10.6,5.7,13.1,7.4
11/5/2017,7.8,5.9,10.9,5
11/6/2017,4.8,11.4,10.9,-0.5
11/7/2017,3.3,11.1,9.8,-1.3
11/8/2017,5.9,5.2,7.6,2.4
11/9/2017,8.7,4.9,11.1,6.2
11/10/2017,9.2,6,11.8,5.8
11/11/2017,6.6,5.6,9.4,3.8
11/12/2017,5.2,3.2,6.4,3.2
11/13/2017,6.2,9.3,10.3,1
11/14/2017,7.7,6.5,9.2,2.7
11/15/2017,9.4,1.7,10.2,8.5
11/16/2017,9.3,4.5,10.7,6.2
11/17/2017,5.6,10.4,11,0.6
11/18/2017,6.9,6.1,9.6,3.5
11/19/2017,6.7,5.5,9.9,4.4
11/20/2017,7.8,7.2,11.8,4.6
11/21/2017,11.5,1.8,12.4,10.6
11/22/2017,11.4,2.8,13.3,10.5
11/23/2017,11.1,6.2,14.4,8.2
11/24/2017,6.9,4.9,9.2,4.3
11/25/2017,3.7,8,7.4,-0.6
11/26/2017,5.3,5,8,3
11/27/2017,6.7,4.4,9.1,4.7
11/28/2017,5.4,6.6,7.8,1.2
11/29/2017,2.9,3.4,4,0.6
11/30/2017,1.5,7,4.6,-2.4
12/1/2017,0,5.9,3.1,-2.8
12/2/2017,-0.4,1.8,0.6,-1.2
12/3/2017,3.7,6.3,6.6,0.3
12/4/2017,7,3.9,9.1,5.2
12/5/2017,7.6,3.7,9.1,5.4
12/6/2017,8,2.3,9.2,6.9
12/7/2017,5.9,2.9,7.2,4.3
12/8/2017,2.6,5.8,6.1,0.3
12/9/2017,2.1,4.2,4.6,0.4
12/10/2017,1.1,4.1,4.1,0
12/11/2017,-0.1,4.5,1.6,-2.9
12/12/2017,1.8,3.8,4.1,0.3
12/13/2017,4,5.6,6.4,0.8
12/14/2017,3.3,5,5.4,0.4
12/15/2017,2.6,4.5,4.3,-0.2
12/16/2017,2.7,6.1,6.2,0.1
12/17/2017,2.5,9.1,6.3,-2.8
12/18/2017,5.9,5.8,8,2.2
12/19/2017,5.2,6.2,7.5,1.3
12/20/2017,7.5,3.8,8.7,4.9
12/21/2017,8.4,1.7,9.3,7.6
12/22/2017,8.6,2.3,9.6,7.3
12/23/2017,8.7,1.4,9.4,8
12/24/2017,8.2,2.4,9.6,7.2
12/25/2017,7.4,4.6,9.1,4.5
12/26/2017,5.8,2.8,7.4,4.6
12/27/2017,5.1,3,6.6,3.6
12/28/2017,3.9,2.9,5.3,2.4
12/29/2017,2.8,7.4,6.7,-0.7
12/30/2017,8.8,8.3,12.2,3.9
12/31/2017,10.6,5.2,13.7,8.5
1/1/2018,6.8,3.6,8.8,5.2
1/2/2018,6.5,4.6,9.1,4.5
1/3/2018,8.8,5.8,11.2,5.4
1/4/2018,8.2,3.9,10.7,6.8
1/5/2018,6.4,4.3,8.7,4.4
1/6/2018,4.5,4.4,6.6,2.2
1/7/2018,1,4.3,3.1,-1.2
1/8/2018,1.1,5.3,3.9,-1.4
1/9/2018,3,6.3,6.1,-0.2
1/10/2018,6.9,1.8,7.6,5.8
1/11/2018,5.7,4.8,7.6,2.8
1/12/2018,5,1.8,5.9,4.1
1/13/2018,4.2,5,6.2,1.2
1/14/2018,2.9,4.4,5.2,0.8
1/15/2018,5.2,6.3,8,1.7
1/16/2018,5.2,4.4,6.9,2.5
1/17/2018,4.6,4,6,2
1/18/2018,4.7,9.7,10.2,0.5
1/19/2018,3.7,5.5,6.9,1.4
1/20/2018,2.2,2.8,3.6,0.8
1/21/2018,3,7.3,6.9,-0.4
1/22/2018,6.3,6.4,8.4,2
1/23/2018,8.1,6.6,11.2,4.6
1/24/2018,11.7,7.1,14.4,7.3
1/25/2018,7.7,4.2,9.2,5
1/26/2018,5.4,6.1,8.6,2.5
1/27/2018,5.8,2.8,7.2,4.4
1/28/2018,9.7,3.9,10.8,6.9
1/29/2018,8.8,6.1,10.7,4.6
1/30/2018,4.7,5.3,7.4,2.1
1/31/2018,6.5,6.3,9.5,3.2
2/1/2018,3.4,4.2,6.1,1.9
2/2/2018,4.4,7.3,6.8,-0.5
2/3/2018,2,5,4.6,-0.4
2/4/2018,1.7,4,3.6,-0.4
2/5/2018,1,5.5,3.4,-2.1
2/6/2018,-2.1,6.6,2,-4.6
2/7/2018,-2.2,8.7,1.9,-6.8
2/8/2018,1,7.2,4.7,-2.5
2/9/2018,0.6,3.1,2.2,-0.9
2/10/2018,2.9,6.8,7,0.2
2/11/2018,4.5,5.2,7.3,2.1
2/12/2018,3,5.6,6.3,0.7
2/13/2018,2,7.5,6.3,-1.2
2/14/2018,1.9,7.7,5.5,-2.2
2/15/2018,4.3,9.4,9.9,0.5
2/16/2018,3.2,10.8,8.7,-2.1
2/17/2018,0.9,11.2,7.6,-3.6
2/18/2018,0.7,12.2,7.3,-4.9
2/19/2018,1.2,5.9,3.4,-2.5
2/20/2018,0.8,8.4,4.6,-3.8
2/21/2018,0.3,8.6,4.7,-3.9
2/22/2018,0.2,8,5,-3
2/23/2018,-0.5,7.3,3.5,-3.8
2/24/2018,-0.4,6.7,3.3,-3.4
2/25/2018,-2.2,6,1.1,-4.9
2/26/2018,-3.3,5.9,0,-5.9
2/27/2018,-3.6,6.6,0.2,-6.4
2/28/2018,-6.6,3.9,-4.6,-8.5
3/1/2018,-4.7,7.6,-0.7,-8.3
3/2/2018,-3.7,6.7,-0.5,-7.2
3/3/2018,-1.7,5.7,1.2,-4.5
3/4/2018,5,13.5,11.3,-2.2
3/5/2018,6.6,8.8,12,3.2
3/6/2018,5.6,9.1,10.1,1
3/7/2018,5.9,8.7,9.5,0.8
3/8/2018,4.8,7.1,8.3,1.2
3/9/2018,6.5,6.8,9.7,2.9
3/10/2018,11.4,8,15.1,7.1
3/11/2018,10.2,6.8,13.9,7.1
3/12/2018,10.3,6.9,14.3,7.4
3/13/2018,5.6,5.2,8.9,3.7
3/14/2018,5.8,11.5,11.1,-0.4
3/15/2018,7.3,7.1,10.7,3.6
3/16/2018,3.8,6.2,6.2,0
3/17/2018,-1.4,2.6,0,-2.6
3/18/2018,-1,4.2,1.2,-3
3/19/2018,-0.2,8.6,4.7,-3.9
3/20/2018,3.8,9.2,7.9,-1.3
3/21/2018,3.6,11.6,8,-3.6
3/22/2018,6.4,5.8,9.9,4.1
3/23/2018,6.2,2.1,7.3,5.2
3/24/2018,6.5,12.5,12.5,0
3/25/2018,5.4,14.1,12.3,-1.8
3/26/2018,4.7,11.2,11.2,0
3/27/2018,5.6,9.1,9.8,0.7
3/28/2018,5.9,5,7.8,2.8
3/29/2018,6.5,7.1,10.7,3.6
3/30/2018,9,8.3,13.5,5.2
3/31/2018,7.2,9.9,12.4,2.5
4/1/2018,4.8,7.1,7.7,0.6
4/2/2018,7.7,11.7,12.1,0.4
4/3/2018,12.7,7.9,17,9.1
4/4/2018,10.3,6.9,14.7,7.8
4/5/2018,5.9,9.8,9.9,0.1
4/6/2018,8.8,14.7,14.7,0
4/7/2018,13.9,13,21.6,8.6
4/8/2018,15.2,15.7,23.4,7.7
4/9/2018,12.6,8.3,17.5,9.2
4/10/2018,15.5,10.5,20,9.5
4/11/2018,12.7,9,17.5,8.5
4/12/2018,10.4,8.1,14.6,6.5
4/13/2018,10,10.6,14.4,3.8
4/14/2018,11.5,9.2,16.1,6.9
4/15/2018,12.7,7.8,17.2,9.4
4/16/2018,11.4,11,16.1,5.1
4/17/2018,12.8,15.6,20.3,4.7
4/18/2018,16.3,16.6,23.5,6.9
4/19/2018,19.2,18,27.4,9.4
4/20/2018,18.3,16.5,26.5,10
4/21/2018,15.5,14.2,22.1,7.9
4/22/2018,17.9,16.7,26.6,9.9
4/23/2018,13.1,6.9,16.6,9.7
4/24/2018,12.9,6,15.5,9.5
4/25/2018,11.5,6,14.5,8.5
4/26/2018,10.3,6,13.7,7.7
4/27/2018,10.3,11.1,15.1,4
4/28/2018,11.7,9.6,14.5,4.9
4/29/2018,9.2,9,12.2,3.2
4/30/2018,9.5,7.4,13.2,5.8
5/1/2018,7.9,10.2,12.8,2.6
5/2/2018,10.9,15.1,16.9,1.8
5/3/2018,10.4,11.5,15.6,4.1
5/4/2018,11.9,16.2,18.5,2.3
5/5/2018,14.7,16.2,22,5.8
5/6/2018,17.2,19.6,25.8,6.2
5/7/2018,18,16.8,25.3,8.5
5/8/2018,19.1,16.9,26.6,9.7
5/9/2018,17.9,15.4,25.4,10
5/10/2018,12.1,11.4,16.7,5.3
5/11/2018,12.3,16.2,18.7,2.5
5/12/2018,17,16.1,23.3,7.2
5/13/2018,13.1,5.1,16.3,11.2
5/14/2018,18.7,14.6,25.8,11.2
5/15/2018,19.2,12,24.6,12.6
5/16/2018,15.3,9.7,20.7,11
5/17/2018,11.4,6.8,15.3,8.5
5/18/2018,10.9,6.5,14.6,8.1
5/19/2018,11,8,14.1,6.1
5/20/2018,15.4,19.5,24.2,4.7
5/21/2018,19.2,16.6,25.7,9.1
5/22/2018,18.3,9.9,24.3,14.4
5/23/2018,18.8,10.9,25.2,14.3
5/24/2018,18.3,9.3,22.6,13.3
5/25/2018,20.6,10.2,26.1,15.9
5/26/2018,23,14.3,29,14.7
5/27/2018,20.3,10.9,26.2,15.3
5/28/2018,22.5,16.6,29.7,13.1
5/29/2018,22.1,12.7,30.7,18
5/30/2018,21.5,9.7,26.5,16.8
5/31/2018,20.2,7.5,24,16.5
6/1/2018,17.6,9,23.4,14.4
6/2/2018,17,5.5,20.3,14.8
6/3/2018,19.3,8,23.5,15.5
6/4/2018,18.2,7.4,23.2,15.8
6/5/2018,16.7,7.4,20.8,13.4
6/6/2018,19.8,16.1,27.6,11.5
6/7/2018,22.4,15.8,28.6,12.8
6/8/2018,18.5,2.5,19.9,17.4
6/9/2018,19.8,8.3,24.5,16.2
6/10/2018,18.2,9.9,22.8,12.9
6/11/2018,16.9,12.3,22.4,10.1
6/12/2018,14.8,3.6,16.7,13.1
6/13/2018,14.7,9.8,19.4,9.6
6/14/2018,15.7,10.8,19.8,9
6/15/2018,18.8,9.4,24.2,14.8
6/16/2018,17.5,6.6,21.3,14.7
6/17/2018,15.6,4,18.2,14.2
6/18/2018,16.7,4.5,19.2,14.7
6/19/2018,17.7,6.6,20.4,13.8
6/20/2018,19.1,11.3,25.2,13.9
6/21/2018,14.4,6.1,17.7,11.6
6/22/2018,13.3,7.7,16.8,9.1
6/23/2018,15.1,11.1,20,8.9
6/24/2018,14.7,7,17.7,10.7
6/25/2018,16.5,10.9,21.4,10.5
6/26/2018,16,12.6,21.5,8.9
6/27/2018,17.9,14.6,24.5,9.9
6/28/2018,21.2,12.5,27,14.5
6/29/2018,19.5,12.4,26.1,13.7
6/30/2018,21.3,15.3,27.9,12.6
7/1/2018,21.3,10.9,26.5,15.6
7/2/2018,20.6,14,26.9,12.9
7/3/2018,19.6,13.5,26,12.5
7/4/2018,19.2,12,25.2,13.2
7/5/2018,18.9,10.7,24.3,13.6
7/6/2018,19.5,12.2,25.2,13
7/7/2018,18.3,14.9,24.9,10
7/8/2018,18.6,14.4,24.4,10
7/9/2018,17.5,11.2,22.7,11.5
7/10/2018,16.1,10.3,21.7,11.4
7/11/2018,17.8,13.4,22.7,9.3
7/12/2018,19,11,24.6,13.6
7/13/2018,18.5,11.8,24.3,12.5
7/14/2018,18.8,14.1,24.9,10.8
7/15/2018,20.8,18.1,28.7,10.6
7/16/2018,22.6,18.3,29.7,11.4
7/17/2018,20,14,26,12
7/18/2018,19.1,14.9,25.3,10.4
7/19/2018,19.6,14.1,25.9,11.8
7/20/2018,19.1,14.7,25.2,10.5
7/21/2018,21.1,12.1,26.8,14.7
7/22/2018,20.6,13.2,27.2,14
7/23/2018,22.5,16.6,29.7,13.1
7/24/2018,24.6,16,31.9,15.9
7/25/2018,24.4,11.9,30.2,18.3
7/26/2018,27.7,16.5,35.7,19.2
7/27/2018,29.7,13,35.4,22.4
7/28/2018,20.3,10.8,24.2,13.4
7/29/2018,21.3,13.2,26.7,13.5
7/30/2018,24,13.8,30.6,16.8
7/31/2018,20.6,13.6,26.6,13
8/1/2018,20.4,16.5,27.6,11.1
8/2/2018,22.6,15.2,29.7,14.5
8/3/2018,23.9,16.4,30.7,14.3
8/4/2018,22.4,12.1,28.3,16.2
8/5/2018,20.5,11.1,25.5,14.4
8/6/2018,23.1,18.7,31.3,12.6
8/7/2018,25.9,19.3,33.9,14.6
8/8/2018,19.6,11.2,23.2,12
8/9/2018,17.2,12.1,23,10.9
8/10/2018,16.5,8.5,21.1,12.6
8/11/2018,15.6,9.9,20.9,11
8/12/2018,19.8,15.9,27.1,11.2
8/13/2018,18.7,6.4,22.6,16.2
8/14/2018,18.8,6.7,22.4,15.7
8/15/2018,19.7,6.2,22.6,16.4
8/16/2018,18.4,8.7,23.6,14.9
8/17/2018,17.4,12.2,23.2,11
8/18/2018,17.8,10.8,21.7,10.9
8/19/2018,19.4,5.7,22.7,17
8/20/2018,19.6,8.6,23.1,14.5
8/21/2018,20,11.6,25.8,14.2
8/22/2018,19.5,11.7,25.3,13.6
8/23/2018,18.3,9.3,22.2,12.9
8/24/2018,15.5,9,19.8,10.8
8/25/2018,12.7,7.7,16.8,9.1
8/26/2018,14.5,12.6,19.6,7
8/27/2018,17.1,6,19.3,13.3
8/28/2018,16.7,11.2,21.3,10.1
8/29/2018,14.7,11.4,19.7,8.3
8/30/2018,15,11.9,19.9,8
8/31/2018,12.4,11.1,18,6.9
9/1/2018,13.5,15.6,20.8,5.2
9/2/2018,15.9,15.4,22.5,7.1
9/3/2018,18.6,7.7,22.2,14.5
9/4/2018,20.6,7,25.3,18.3
9/5/2018,19,5.8,22.8,17
9/6/2018,16.6,5.9,19,13.1
9/7/2018,14.6,5.2,17.4,12.2
9/8/2018,14.8,6.9,18.4,11.5
9/9/2018,18.3,10.3,23.6,13.3
9/10/2018,17.4,5.2,20.1,14.9
9/11/2018,18.8,7.7,22.6,14.9
9/12/2018,15.3,6.5,18.4,11.9
9/13/2018,13,12.5,19.5,7
9/14/2018,13.5,15.1,19.9,4.8
9/15/2018,14.7,11.5,20.3,8.8
9/16/2018,14.6,14.6,22.4,7.8
9/17/2018,15.3,16.6,24.2,7.6
9/18/2018,18.9,15.3,24.6,9.3
9/19/2018,19.1,9.8,23.6,13.8
9/20/2018,19.7,7.2,23.6,16.4
9/21/2018,15.4,10.5,20,9.5
9/22/2018,12.1,5.3,15.8,10.5
9/23/2018,9.5,5.1,10.9,5.8
9/24/2018,9.9,10.5,15.4,4.9
9/25/2018,9.4,13.9,16.4,2.5
9/26/2018,11.9,15.1,19,3.9
9/27/2018,13.2,14.8,21.5,6.7
9/28/2018,11.4,13.6,16.3,2.7
9/29/2018,7.5,14.5,15.5,1
9/30/2018,9.9,17.6,17.5,-0.1
10/1/2018,9.5,7.1,13.3,6.2
10/2/2018,11.7,8.7,16.5,7.8
10/3/2018,12.6,8,16.4,8.4
10/4/2018,14.7,6.4,18,11.6
10/5/2018,12.8,13.9,21.2,7.3
10/6/2018,13.9,14.7,21,6.3
10/7/2018,10.1,11.7,15.3,3.6
10/8/2018,9.5,14,16.9,2.9
10/9/2018,10.9,13.3,19.1,5.8
10/10/2018,15.1,18.5,23.5,5
10/11/2018,17.6,9.9,22.9,13
10/12/2018,18.7,8.1,22.8,14.7
10/13/2018,20,10.9,26.3,15.4
10/14/2018,17.4,11.6,24.2,12.6
10/15/2018,16.1,12.2,22.9,10.7
10/16/2018,15.3,15.5,24.3,8.8
10/17/2018,13.2,12,20.2,8.2
10/18/2018,12.2,9,16.3,7.3
10/19/2018,9.2,13.1,15.8,2.7
10/20/2018,8.6,14.1,15.6,1.5
10/21/2018,12.2,10.4,16.5,6.1
10/22/2018,10.8,11.9,15,3.1
10/23/2018,12.8,6.8,14.7,7.9
10/24/2018,14,4.1,16.3,12.2
10/25/2018,12.1,2.7,13.6,10.9
10/26/2018,9.5,5.8,11.8,6
10/27/2018,7.1,7.7,11.3,3.6
10/28/2018,4,7.1,7.8,0.7
10/29/2018,4.4,4.1,6.1,2
10/30/2018,5.7,5.7,9.4,3.7
10/31/2018,8.5,6.8,11.4,4.6
11/1/2018,10.4,4.7,13.2,8.5
11/2/2018,7.8,9.5,11.8,2.3
11/3/2018,4.3,10.2,10.1,-0.1
11/4/2018,5.9,11.3,11.9,0.6
11/5/2018,7.7,6.1,11.2,5.1
11/6/2018,12.4,12.2,19,6.8
11/7/2018,11.1,5.2,13.9,8.7
11/8/2018,9.2,9.7,13.7,4
11/9/2018,9,5.4,11.2,5.8
11/10/2018,11.6,4.1,13.4,9.3
11/11/2018,11.4,5.2,13.4,8.2
11/12/2018,10,3.2,11.7,8.5
11/13/2018,10.2,5.1,13.2,8.1
11/14/2018,8,9.4,13.2,3.8
11/15/2018,6.9,9.7,12.8,3.1
11/16/2018,3.4,7.1,7.7,0.6
11/17/2018,4.1,8.1,9.1,1
11/18/2018,2.9,9.2,7.8,-1.4
11/19/2018,4.9,4.1,6.9,2.8
11/20/2018,3.4,1.8,4.4,2.6
11/21/2018,3.4,3.5,5.3,1.8
11/22/2018,3.2,2.6,4.3,1.7
11/23/2018,3.2,7.7,6.9,-0.8
11/24/2018,2.4,2.9,3.5,0.6
11/25/2018,3.4,2.8,4.7,1.9
11/26/2018,4.9,2.5,6,3.5
11/27/2018,3.3,3.8,5.2,1.4
11/28/2018,6.1,6.7,9.5,2.8
11/29/2018,10.2,1.7,11.2,9.5
11/30/2018,9.6,5.3,11.6,6.3
12/1/2018,7.7,3.9,9.6,5.7
12/2/2018,12,3.6,13.2,9.6
12/3/2018,11.4,5.9,13.3,7.4
12/4/2018,4.8,9.4,9.6,0.2
12/5/2018,5.5,6.7,8.4,1.7
12/6/2018,11.1,3.9,12.3,8.4
12/7/2018,10,4.7,11.8,7.1
12/8/2018,9.1,4.5,11.2,6.7
12/9/2018,8.1,4.5,10,5.5
12/10/2018,5.5,4.1,7.7,3.6
12/11/2018,3.9,8.6,7.7,-0.9
12/12/2018,0.8,7.2,4.3,-2.9
12/13/2018,0.8,3.3,2.5,-0.8
12/14/2018,0.9,4.1,3.3,-0.8
12/15/2018,0.3,1.9,0.8,-1.1
12/16/2018,1.4,4.3,3.3,-1
12/17/2018,5.6,6,8.4,2.4
12/18/2018,6.4,3.5,7.9,4.4
12/19/2018,7.4,4.3,9.8,5.5
12/20/2018,7.5,3.3,8.7,5.4
12/21/2018,9.7,4.9,12.3,7.4
12/22/2018,9.6,1.9,10.8,8.9
12/23/2018,7.1,3.5,8.9,5.4
12/24/2018,5.7,5.2,8.4,3.2
12/25/2018,5.6,3.8,7.5,3.7
12/26/2018,4,3.8,5.3,1.5
12/27/2018,0.8,7.5,4.8,-2.7
12/28/2018,2.3,8.5,5.4,-3.1
12/29/2018,7.9,5.5,10.9,5.4
12/30/2018,8.5,3.3,9.5,6.2
12/31/2018,8.9,2.3,10,7.7
1/1/2019,7.7,3.9,9.4,5.5
1/2/2019,5.4,2.8,6.9,4.1
1/3/2019,4,4.2,6.6,2.4
1/4/2019,5.1,4.6,6.5,1.9
1/5/2019,7,2.3,8,5.7
1/6/2019,6.1,4.4,7.5,3.1
1/7/2019,6.7,9.8,10.2,0.4
1/8/2019,7.1,4.8,8.5,3.7
1/9/2019,4.9,4,7.2,3.2
1/10/2019,3,5.6,5.4,-0.2
1/11/2019,6.8,4.8,8.6,3.8
1/12/2019,7.6,2.4,8.8,6.4
1/13/2019,8.9,2.1,10,7.9
1/14/2019,5.1,6.1,8.4,2.3
1/15/2019,6.4,6,8.4,2.4
1/16/2019,6.1,3.4,7.7,4.3
1/17/2019,2.9,4.6,4.7,0.1
1/18/2019,-0.4,8.5,4.6,-3.9
1/19/2019,-1.4,5.6,1.9,-3.7
1/20/2019,-2.6,9.3,2.9,-6.4
1/21/2019,-1.9,12.9,4.8,-8.1
1/22/2019,-1.7,2.8,-0.6,-3.4
1/23/2019,-1,3.3,0,-3.3
1/24/2019,-2,1.4,-1.1,-2.5
1/25/2019,0.8,10,7.2,-2.8
1/26/2019,7.2,1.1,7.7,6.6
1/27/2019,5.8,3.5,7.4,3.9
1/28/2019,3.9,5.9,6.3,0.4
1/29/2019,1.6,4.2,4.2,0
1/30/2019,0.7,2.7,2.4,-0.3
1/31/2019,-1.1,3.6,0.9,-2.7
2/1/2019,0.8,3.2,2.1,-1.1
2/2/2019,1.6,2.7,2.4,-0.3
2/3/2019,1.8,9.4,6.7,-2.7
2/4/2019,2.1,3.7,3.6,-0.1
2/5/2019,4,2.5,5.3,2.8
2/6/2019,5.1,4.4,7.1,2.7
2/7/2019,7.8,3.9,9.9,6
2/8/2019,8,4.4,9.9,5.5
2/9/2019,8.7,3.2,10.3,7.1
2/10/2019,6.4,5.9,9.6,3.7
2/11/2019,5.1,7.9,9,1.1
2/12/2019,5.3,10.2,9.4,-0.8
2/13/2019,5.8,7.1,8.7,1.6
2/14/2019,4.5,11.8,12.1,0.3
2/15/2019,6.2,13.6,14.3,0.7
2/16/2019,5.8,13.1,13.3,0.2
2/17/2019,6.7,15.5,15.1,-0.4
2/18/2019,7.2,13.7,14.6,0.9
2/19/2019,7.3,5.2,10.5,5.3
2/20/2019,7.8,6.9,11.8,4.9
2/21/2019,8.2,6.2,11.4,5.2
2/22/2019,9.1,5.9,11.5,5.6
2/23/2019,6.9,10.2,12.4,2.2
2/24/2019,6.1,16.4,14.7,-1.7
2/25/2019,7.3,18.9,18.3,-0.6
2/26/2019,7.8,19.7,18.9,-0.8
2/27/2019,9.5,17.4,18.3,0.9
2/28/2019,7.7,11.1,12.2,1.1
3/1/2019,6.3,5.4,9,3.6
3/2/2019,8.2,9.1,12.3,3.2
3/3/2019,11.2,3.3,12.9,9.6
3/4/2019,8.8,7.3,12.9,5.6
3/5/2019,7.5,6,10.9,4.9
3/6/2019,10,5.2,12.3,7.1
3/7/2019,9.2,4.8,11.8,7
3/8/2019,7.8,4.3,10.3,6
3/9/2019,8.8,4.8,11.1,6.3
3/10/2019,5.8,7.6,10.4,2.8
3/11/2019,5.4,5.4,8.1,2.7
3/12/2019,6.8,6,9.6,3.6
3/13/2019,7.3,4.3,9.6,5.3
3/14/2019,8.2,4.9,11.2,6.3
3/15/2019,9.5,6.7,13.1,6.4
3/16/2019,10,4.7,11.5,6.8
3/17/2019,7.1,6.3,11,4.7
3/18/2019,5.1,10.8,9.5,-1.3
3/19/2019,4.7,14.5,12.1,-2.4
3/20/2019,9.1,9,11.9,2.9
3/21/2019,8.1,8.5,12,3.5
3/22/2019,9.5,13.6,17.3,3.7
3/23/2019,8.1,10,11.4,1.4
3/24/2019,5.5,12.3,11,-1.3
3/25/2019,7.7,4.4,9.7,5.3
3/26/2019,7.3,7.8,10.2,2.4
3/27/2019,9.3,7.2,13.1,5.9
3/28/2019,8.5,8.3,11.2,2.9
3/29/2019,9,16.8,17.1,0.3
3/30/2019,11.2,14.4,18.3,3.9
3/31/2019,8.2,9.2,12.5,3.3
4/1/2019,7.1,14,14.5,0.5
4/2/2019,9.3,13.1,15.5,2.4
4/3/2019,6.1,7.4,9.5,2.1
4/4/2019,5.6,9.4,10.3,0.9
4/5/2019,7.8,12.8,12.8,0
4/6/2019,10.6,7.6,15.1,7.5
4/7/2019,15.1,12.5,20.9,8.4
4/8/2019,14.3,14,21.5,7.5
4/9/2019,9.6,9.9,14.9,5
4/10/2019,6,8.9,10.9,2
4/11/2019,6.1,10.6,10.8,0.2
4/12/2019,5.3,8.1,9.4,1.3
4/13/2019,2.9,8.7,7.6,-1.1
4/14/2019,5.5,11.3,11,-0.3
4/15/2019,10.6,12.5,16.7,4.2
4/16/2019,12.5,12,18.2,6.2
4/17/2019,12.7,9.2,15.9,6.7
4/18/2019,16.3,11.1,21.6,10.5
4/19/2019,17.4,13,23.9,10.9
4/20/2019,17.4,15.6,24.4,8.8
4/21/2019,15.1,18.5,24.1,5.6
4/22/2019,17,19.7,24.8,5.1
4/23/2019,15.7,11.2,20.7,9.5
4/24/2019,16.7,14.7,24.9,10.2
4/25/2019,12.2,9.1,17.5,8.4
4/26/2019,12.7,8.6,17.4,8.8
4/27/2019,9.8,6.9,13.6,6.7
4/28/2019,9.2,8.9,13.9,5
4/29/2019,10.4,14,16,2
4/30/2019,10.6,6.3,12.4,6.1
5/1/2019,9.1,10,13.9,3.9
5/2/2019,9.3,11.6,14.2,2.6
5/3/2019,8,6.3,11.1,4.8
5/4/2019,6.5,7.5,10.2,2.7
5/5/2019,6.7,8.8,11.7,2.9
5/6/2019,6.6,10.3,11.4,1.1
5/7/2019,8.1,10.8,12.7,1.9
5/8/2019,10.2,6.5,14,7.5
5/9/2019,12.4,10.9,17.7,6.8
5/10/2019,10.5,7.4,14.1,6.7
5/11/2019,9.6,9.4,14.4,5
5/12/2019,9.5,11.4,14.6,3.2
5/13/2019,9.4,14.8,15.2,0.4
5/14/2019,10.8,13.9,16.5,2.6
5/15/2019,12.1,13.3,17.5,4.2
5/16/2019,11.8,13.5,17.7,4.2
5/17/2019,12,6.5,15.4,8.9
5/18/2019,15.5,12.1,21.1,9
5/19/2019,15.1,9.2,21,11.8
5/20/2019,13.3,4.5,16,11.5
5/21/2019,11.8,2.3,13.2,10.9
5/22/2019,13.3,13,19.1,6.1
5/23/2019,15,15.9,21.6,5.7
5/24/2019,15,13.4,21.9,8.5
5/25/2019,13.4,12.4,18.9,6.5
5/26/2019,15.9,13,20.6,7.6
5/27/2019,14.3,7.5,18,10.5
5/28/2019,11.1,10.8,15.5,4.7
5/29/2019,13,16.4,18.9,2.5
5/30/2019,16.8,9.1,21.9,12.8
5/31/2019,17.2,8.9,20.4,11.5
6/1/2019,18.9,16,25.7,9.7
6/2/2019,22.6,17.6,30.4,12.8
6/3/2019,17.6,5.8,19.4,13.6
6/4/2019,18.5,15.4,24.4,9
6/5/2019,16.2,7.9,19.5,11.6
6/6/2019,14.7,8.5,19,10.5
6/7/2019,15.5,13.7,22.3,8.6
6/8/2019,14.4,6.8,18.3,11.5
6/9/2019,15.3,9.8,19.8,10
6/10/2019,17.8,8.7,22.4,13.7
6/11/2019,15.6,7.8,19.9,12.1
6/12/2019,14,8.1,17.7,9.6
6/13/2019,14.2,7.8,18.4,10.6
6/14/2019,17,14.1,23.9,9.8
6/15/2019,15.8,8.1,19.7,11.6
6/16/2019,17,10.4,21.6,11.2
6/17/2019,19.2,14.8,25.5,10.7
6/18/2019,20.7,14.2,27.2,13
6/19/2019,18.7,11.5,26,14.5
6/20/2019,16.8,8.5,20.3,11.8
6/21/2019,15.4,11.4,20.3,8.9
6/22/2019,16.9,15.2,22.8,7.6
6/23/2019,22.6,15.9,28.5,12.6
6/24/2019,25.2,11.8,31,19.2
6/25/2019,26.3,13.7,33.2,19.5
6/26/2019,19.1,7,22.9,15.9
6/27/2019,16.4,7.6,20.4,12.8
6/28/2019,18.2,11.5,24.3,12.8
6/29/2019,22.6,18.4,31.1,12.7
6/30/2019,20.7,9.9,24,14.1
7/1/2019,18,6.6,20.9,14.3
7/2/2019,17.3,10,21.7,11.7
7/3/2019,15,11.4,20.2,8.8
7/4/2019,16.4,16.2,22.8,6.6
7/5/2019,18.8,10.8,23.2,12.4
7/6/2019,16.4,11.6,22.9,11.3
7/7/2019,14,10.3,18.1,7.8
7/8/2019,13.8,8.8,16.7,7.9
7/9/2019,14.7,13.5,20.4,6.9
7/10/2019,14.7,9.9,18.7,8.8
7/11/2019,18.8,10.1,23.8,13.7
7/12/2019,16.8,7.4,20.5,13.1
7/13/2019,16.8,5.2,19.7,14.5
7/14/2019,15.7,5.6,19.3,13.7
7/15/2019,15.5,5.1,18.5,13.4
7/16/2019,15.7,8.3,19.1,10.8
7/17/2019,17.5,16.1,24.8,8.7
7/18/2019,19,7.5,22.7,15.2
7/19/2019,19.4,10.2,24.3,14.1
7/20/2019,19.4,7.3,23.6,16.3
7/21/2019,18.5,9.1,22.6,13.5
7/22/2019,20.6,12.5,26.4,13.9
7/23/2019,24.1,18.8,31.9,13.1
7/24/2019,26.4,19.8,36.4,16.6
7/25/2019,28.8,20.9,37.5,16.6
7/26/2019,28.8,14.9,37.2,22.3
7/27/2019,22.8,10.3,28.8,18.5
7/28/2019,19.5,7.9,24.2,16.3
7/29/2019,19.4,11.2,25.1,13.9
7/30/2019,21.8,15.5,27.8,12.3
7/31/2019,18.1,5.3,21.1,15.8
8/1/2019,18.3,7.3,22.6,15.3
8/2/2019,18.3,7,21.4,14.4
8/3/2019,17.6,9,21.4,12.4
8/4/2019,19.1,14.1,25,10.9
8/5/2019,20.7,7.2,24.4,17.2
8/6/2019,19.1,8,23.6,15.6
8/7/2019,19.1,6.8,23,16.2
8/8/2019,18.5,10.5,23.6,13.1
8/9/2019,19.9,10.9,24.2,13.3
8/10/2019,20.2,6.7,23.7,17
8/11/2019,18.2,6.5,21.6,15.1
8/12/2019,16,8.7,21.7,13
8/13/2019,14.6,8.1,18.4,10.3
8/14/2019,16.4,10.2,21.1,10.9
8/15/2019,17.2,8.6,20.8,12.2
8/16/2019,17.4,11.4,21.5,10.1
8/17/2019,17.4,3.6,19.2,15.6
8/18/2019,16.8,5.2,19.9,14.7
8/19/2019,16.4,7.5,21,13.5
8/20/2019,15.5,11.2,20.5,9.3
8/21/2019,15.3,14.4,22.5,8.1
8/22/2019,16.2,15.9,23.9,8
8/23/2019,17.6,17.1,25.9,8.8
8/24/2019,20,19.3,29.7,10.4
8/25/2019,21.2,20,31.3,11.3
8/26/2019,23.4,17.5,31,13.5
8/27/2019,24,17,32.8,15.8
8/28/2019,22.3,11,27.6,16.6
8/29/2019,18.5,11.9,22.6,10.7
8/30/2019,16.5,13.8,23.4,9.6
8/31/2019,19.6,18.8,28.1,9.3
9/1/2019,16.4,8.6,20.6,12
9/2/2019,15.9,10.5,20.8,10.3
9/3/2019,16.2,9.1,20.2,11.1
9/4/2019,15,6.7,17.8,11.1
9/5/2019,13.4,10.9,17.4,6.5
9/6/2019,14,11.9,18.5,6.6
9/7/2019,13.8,7.8,17.9,10.1
9/8/2019,12.9,11.3,18.2,6.9
9/9/2019,11.4,12.8,18,5.2
9/10/2019,12.4,14.1,19.3,5.2
9/11/2019,14.9,8.3,17.5,9.2
9/12/2019,18.4,7.7,21.9,14.2
9/13/2019,16.5,11.7,21,9.3
9/14/2019,13.2,14.1,21,6.9
9/15/2019,15.2,15.8,22.6,6.8
9/16/2019,13.4,7.9,16.2,8.3
9/17/2019,11.6,11.6,17.9,6.3
9/18/2019,10.9,12.6,17.6,5
9/19/2019,11.6,11.7,17.6,5.9
9/20/2019,11.9,14.8,18.8,4
9/21/2019,15.8,16.2,23.7,7.5
9/22/2019,18.6,14.8,26.5,11.7
9/23/2019,16,8.4,19.5,11.1
9/24/2019,15,3.6,17.4,13.8
9/25/2019,15.3,4.2,17.1,12.9
9/26/2019,15.9,4.8,18.3,13.5
9/27/2019,15.5,5.2,18.4,13.2
9/28/2019,15.5,3.7,17.5,13.8
9/29/2019,15,3.8,16.9,13.1
9/30/2019,14.3,4.5,17.5,13
10/1/2019,15.1,7.9,18.3,10.4
10/2/2019,10.5,6,14.1,8.1
10/3/2019,11.4,5.7,14.7,9
10/4/2019,10.6,5.9,14.5,8.6
10/5/2019,9.9,7.3,14,6.7
10/6/2019,9,1.2,9.6,8.4
10/7/2019,9.9,5.1,12.2,7.1
10/8/2019,13.2,4.1,15.2,11.1
10/9/2019,11.7,3.5,13.6,10.1
10/10/2019,12.5,5.8,15.6,9.8
10/11/2019,14.7,4.5,16.9,12.4
10/12/2019,12.4,5.7,16.8,11.1
10/13/2019,16.3,10.9,22,11.1
10/14/2019,15,6.4,18.2,11.8
10/15/2019,15,4.6,17,12.4
10/16/2019,13.1,4.1,14.4,10.3
10/17/2019,13.1,6.4,16.2,9.8
10/18/2019,12.5,3.9,14.5,10.6
10/19/2019,12,4.2,14.5,10.3
10/20/2019,10.9,7.8,13.8,6
10/21/2019,12.1,4.2,14.8,10.6
10/22/2019,11.4,10,15.8,5.8
10/23/2019,11.5,10.6,15.8,5.2
10/24/2019,14.6,8,19.6,11.6
10/25/2019,13.8,3.9,15.4,11.5
10/26/2019,16.4,8.3,19.9,11.6
10/27/2019,9.5,9.2,13.3,4.1
10/28/2019,6.3,11.3,13,1.7
10/29/2019,6,11.3,12.1,0.8
10/30/2019,4.5,9.9,10.4,0.5
10/31/2019,3.4,10.7,10.1,-0.6
11/1/2019,7.6,14.1,13.4,-0.7
11/2/2019,13.2,4,14.7,10.7
11/3/2019,10.5,4,12.5,8.5
11/4/2019,10.3,3.6,12.5,8.9
11/5/2019,9.2,3.2,10.9,7.7
11/6/2019,8.4,4.7,11.4,6.7
11/7/2019,7.8,4.2,9.6,5.4
11/8/2019,4.9,7.9,9.7,1.8
11/9/2019,6.8,8.8,10.7,1.9
11/10/2019,2.4,10.7,9.4,-1.3
11/11/2019,5.2,8,7.9,-0.1
11/12/2019,5.2,3.2,7.3,4.1
11/13/2019,6,3.9,8,4.1
11/14/2019,5.7,4.3,7.8,3.5
11/15/2019,4.3,3.4,5.6,2.2
11/16/2019,3.9,5.6,6.2,0.6
11/17/2019,4.7,7.4,8.1,0.7
11/18/2019,6.6,4,8.3,4.3
11/19/2019,4.6,8.8,7.7,-1.1
11/20/2019,1.5,9.1,6.6,-2.5
11/21/2019,3,4.5,5.5,1
11/22/2019,6.7,7.5,10.7,3.2
11/23/2019,6,4.2,8.2,4
11/24/2019,4.8,9.2,9.9,0.7
11/25/2019,7.2,5,10.6,5.6
11/26/2019,9.6,4.4,11.5,7.1
11/27/2019,10.4,2.3,11.9,9.6
11/28/2019,9.3,3.6,10.7,7.1
11/29/2019,4.3,9.9,8.8,-1.1
11/30/2019,0.9,12,9.2,-2.8
12/1/2019,0.2,7.1,4,-3.1
12/2/2019,4.5,12.3,9.5,-2.8
12/3/2019,4.9,7.6,8.2,0.6
12/4/2019,1.3,9.4,6.9,-2.5
12/5/2019,1.6,6.4,4.3,-2.1
12/6/2019,6.6,5.6,9.7,4.1
12/7/2019,9.4,1.6,10.1,8.5
12/8/2019,9.3,4.1,10.9,6.8
12/9/2019,6.5,4.5,8.5,4
12/10/2019,5.3,5.7,7.6,1.9
12/11/2019,6.4,3,7.8,4.8
12/12/2019,4.5,2.8,5.8,3
12/13/2019,4.8,3.9,7.1,3.2
12/14/2019,6,3.3,8.1,4.8
12/15/2019,7.2,4,8.8,4.8
12/16/2019,7,4.5,8.6,4.1
12/17/2019,9.9,10.2,14.7,4.5
12/18/2019,6.8,3.2,8.7,5.5
12/19/2019,10.6,7.1,13.5,6.4
12/20/2019,10.3,4.8,12.5,7.7
12/21/2019,7.2,3.3,8.5,5.2
12/22/2019,7.8,2.7,9.1,6.4
12/23/2019,7.9,2.7,9.2,6.5
12/24/2019,8.3,4.6,10.4,5.8
12/25/2019,7.8,2.9,9.4,6.5
12/26/2019,5.8,2.1,6.9,4.8
12/27/2019,3.3,7.8,6.3,-1.5
12/28/2019,-0.1,6.4,3,-3.4
12/29/2019,1.2,4.9,3.4,-1.5
12/30/2019,4.6,6.2,7.9,1.7
12/31/2019,4.2,8.2,8.8,0.6
1/1/2020,0.8,2,1.8,-0.2
1/2/2020,3.9,6.1,7.4,1.3
1/3/2020,7.6,5.6,9.9,4.3
1/4/2020,6.7,4.1,8.1,4
1/5/2020,6.9,1.7,7.6,5.9
1/6/2020,6,3.5,7,3.5
1/7/2020,6.6,4,8.3,4.3
1/8/2020,10.4,3.5,11.7,8.2
1/9/2020,11.5,4,13,9
1/10/2020,6.8,7.1,9.9,2.8
1/11/2020,6,5.6,7.4,1.8
1/12/2020,7.5,4.6,10.1,5.5
1/13/2020,7.8,5,10.7,5.7
1/14/2020,10.6,3.9,12.9,9
1/15/2020,9.4,5.9,12.1,6.2
1/16/2020,7.2,7,10.2,3.2
1/17/2020,8.3,4.8,10.2,5.4
1/18/2020,4.5,5.1,7.7,2.6
1/19/2020,3.5,9.3,8.2,-1.1
1/20/2020,2.9,9.1,7,-2.1
1/21/2020,0.7,3.5,2.1,-1.4
1/22/2020,4.4,4.6,6.2,1.6
1/23/2020,3.7,8.5,6.8,-1.7
1/24/2020,2.3,4.1,3.5,-0.6
1/25/2020,2,1.7,2.6,0.9
1/26/2020,5.5,8.8,9.3,0.5
1/27/2020,8.2,2.4,9.4,7
1/28/2020,5.4,3.4,7.2,3.8
1/29/2020,6,2.9,7.3,4.4
1/30/2020,8.5,5,11.4,6.4
1/31/2020,10.9,3.6,12.5,8.9
2/1/2020,10.6,3.4,12,8.6
2/2/2020,8.9,5,11.5,6.5
2/3/2020,9.2,4.6,11,6.4
2/4/2020,5.1,6.1,7.3,1.2
2/5/2020,4.8,8.6,8.4,-0.2
2/6/2020,5,7.6,9.6,2
2/7/2020,3.9,8.7,7.8,-0.9
2/8/2020,7,6.9,9.9,3
2/9/2020,10,4.8,12.5,7.7
2/10/2020,8,5.8,10.6,4.8
2/11/2020,6.3,2.4,7.3,4.9
2/12/2020,5.5,4.4,7.7,3.3
2/13/2020,5.7,5.6,8.7,3.1
2/14/2020,7.3,3.1,8.7,5.6
2/15/2020,10.6,6,13.5,7.5
2/16/2020,12.1,8.6,16.7,8.1
2/17/2020,8.1,3.5,10.1,6.6
2/18/2020,7.6,5.9,9.6,3.7
2/19/2020,6.2,3.7,8.2,4.5
2/20/2020,8.2,5.7,10.4,4.7
2/21/2020,7.3,4.9,8.9,4
2/22/2020,9.2,4.8,11.7,6.9
2/23/2020,8.7,7.5,12.9,5.4
2/24/2020,7.6,7.2,10.8,3.6
2/25/2020,6.6,8.4,10.3,1.9
2/26/2020,3.4,6.2,6.6,0.4
2/27/2020,2.7,3.8,3.9,0.1
2/28/2020,4.6,6.5,8.4,1.9
2/29/2020,8.7,7.4,12.6,5.2
3/1/2020,6.6,4.6,9.2,4.6
3/2/2020,5.5,4.3,7.8,3.5
3/3/2020,4.4,7.9,8.8,0.9
3/4/2020,6.5,7,10.5,3.5
3/5/2020,5.5,2.4,6.8,4.4
3/6/2020,6.2,4.7,8.5,3.8
3/7/2020,6.6,11.4,10.6,-0.8
3/8/2020,8.7,3.1,10.2,7.1
3/9/2020,7.8,4.3,10.6,6.3
3/10/2020,10.1,5.6,11.9,6.3
3/11/2020,11,4.3,13.5,9.2
3/12/2020,8.4,5.2,11,5.8
3/13/2020,6.6,7.3,9,1.7
3/14/2020,6.7,11.4,11.8,0.4
3/15/2020,9.6,3.5,11.2,7.7
3/16/2020,7.5,10.8,13,2.2
3/17/2020,8.6,12.1,13.3,1.2
3/18/2020,10.5,7,13.7,6.7
3/19/2020,8.5,3,9.9,6.9
3/20/2020,6.7,5.7,9.1,3.4
3/21/2020,4.6,9,9.2,0.2
3/22/2020,4.6,9.9,9.7,-0.2
3/23/2020,4.7,10.1,10.1,0
3/24/2020,4.9,10.6,10.5,-0.1
3/25/2020,5.5,17,12.7,-4.3
3/26/2020,6.6,10.6,11.8,1.2
3/27/2020,8.5,13.1,15.3,2.2
3/28/2020,7.4,7.8,11.9,4.1
3/29/2020,4.7,6.5,7.4,0.9
3/30/2020,3.8,12.8,9.7,-3.1
3/31/2020,4.1,10.4,9.2,-1.2
4/1/2020,3.9,13.8,10,-3.8
4/2/2020,7,11.3,11.3,0
4/3/2020,6.6,10.5,10.3,-0.2
4/4/2020,7.3,15.4,14.6,-0.8
4/5/2020,12.6,17.7,19.6,1.9
4/6/2020,14.3,14.6,23,8.4
4/7/2020,12.2,16.7,19.3,2.6
4/8/2020,15,19.1,24.5,5.4
4/9/2020,13.3,14.9,20.5,5.6
4/10/2020,11.5,14.1,18.5,4.4
4/11/2020,12.2,17.2,21.5,4.3
4/12/2020,14,20.1,23,2.9
4/13/2020,7.8,5.3,11.1,5.8
4/14/2020,6,9.6,10.2,0.6
4/15/2020,8.5,18,17,-1
4/16/2020,13,18.2,22.1,3.9
4/17/2020,10.9,11.3,17,5.7
4/18/2020,11.1,11,16,5
4/19/2020,12.5,10.6,17.9,7.3
4/20/2020,12.7,12.6,18.3,5.7
4/21/2020,13.9,10.3,18.9,8.6
4/22/2020,15.2,11.9,21.5,9.6
4/23/2020,15.8,14.9,23.2,8.3
4/24/2020,12.4,10.8,18.2,7.4
4/25/2020,9.8,10.8,14.3,3.5
4/26/2020,9,16.3,16.7,0.4
4/27/2020,12.4,19.3,20.7,1.4
4/28/2020,9.4,3.6,11.3,7.7
4/29/2020,11.7,7.8,15.5,7.7
4/30/2020,11.5,7.8,16.1,8.3
5/1/2020,10.5,6.1,14.2,8.1
5/2/2020,10.3,8.8,13.9,5.1
5/3/2020,11,12.6,16.9,4.3
5/4/2020,10.8,9.7,15.2,5.5
5/5/2020,9.2,13.2,14.8,1.6
5/6/2020,10.6,13.4,16.8,3.4
5/7/2020,12,19,20.7,1.7
5/8/2020,14.5,18.4,22.9,4.5
5/9/2020,17.1,18.7,24.7,6
5/10/2020,12.9,14.8,22.5,7.7
5/11/2020,8.4,8.5,12.2,3.7
5/12/2020,7.7,12.1,12.8,0.7
5/13/2020,7.2,11.8,12,0.2
5/14/2020,7.1,13.8,12.8,-1
5/15/2020,8.5,16.3,15.1,-1.2
5/16/2020,9.8,13.7,16,2.3
5/17/2020,12.1,17.1,18.7,1.6
5/18/2020,14.9,15.3,21.2,5.9
5/19/2020,16.6,13.1,21.7,8.6
5/20/2020,16.2,12.6,22.1,9.5
5/21/2020,19.2,17.9,26.7,8.8
5/22/2020,19,9.5,24.2,14.7
5/23/2020,15.3,6.1,18.8,12.7
5/24/2020,13.5,2.9,15,12.1
5/25/2020,15.5,12.6,20.8,8.2
5/26/2020,16.3,17.3,23.7,6.4
5/27/2020,15.8,10.1,20.5,10.4
5/28/2020,14.1,12.9,19.7,6.8
5/29/2020,15.3,16.1,22.5,6.4
5/30/2020,17.8,14.2,23.7,9.5
5/31/2020,17.2,11.1,22.2,11.1
6/1/2020,18.8,13.4,25.4,12
6/2/2020,20.1,16.4,27.5,11.1
6/3/2020,17.5,9.8,22.8,13
6/4/2020,12.8,8.7,17,8.3
6/5/2020,9.9,6.8,14.3,7.5
6/6/2020,11.6,7.5,15.8,8.3
6/7/2020,12.7,6.1,16,9.9
6/8/2020,14.6,7.5,18.9,11.4
6/9/2020,13.3,8.3,17,8.7
6/10/2020,13.9,11.8,18,6.2
6/11/2020,15.7,7,20.1,13.1
6/12/2020,19.5,11.7,26.1,14.4
6/13/2020,20.2,10.9,26.2,15.3
6/14/2020,18.3,7.7,23,15.3
6/15/2020,19.1,8.5,23.7,15.2
6/16/2020,17.9,6.4,20.8,14.4
6/17/2020,19,11.7,24.2,12.5
6/18/2020,17.6,8.9,22,13.1
6/19/2020,17.2,11.4,22.4,11
6/20/2020,16.7,11,22.1,11.1
6/21/2020,18.6,13.9,24.5,10.6
6/22/2020,17.8,11.4,22.4,11
6/23/2020,19.7,17.3,26.7,9.4
6/24/2020,23.3,14.7,29.4,14.7
6/25/2020,24,12.4,29.4,17
6/26/2020,24.2,11.1,30.1,19
6/27/2020,20.6,7.3,24.8,17.5
6/28/2020,17.9,6.2,21.4,15.2
6/29/2020,16,5.7,19,13.3
6/30/2020,16,5.3,19.4,14.1
7/1/2020,17.9,5.3,21.1,15.8
7/2/2020,17.1,6.4,21.2,14.8
7/3/2020,17.7,7.5,21.6,14.1
7/4/2020,16.5,4.5,18.1,13.6
7/5/2020,17.9,6,21.3,15.3
7/6/2020,14.9,8.2,18.3,10.1
7/7/2020,14.6,11.2,19.2,8
7/8/2020,14.6,4,16.9,12.9
7/9/2020,16.7,3,17.7,14.7
7/10/2020,14.6,10.3,18.5,8.2
7/11/2020,14.1,13.1,19.7,6.6
7/12/2020,14.9,14.2,20.9,6.7
7/13/2020,17.2,15.9,23.5,7.6
7/14/2020,15.7,6,17.6,11.6
7/15/2020,15.9,12.1,20.6,8.5
7/16/2020,16.3,5.6,19.7,14.1
7/17/2020,18.3,8.8,22.7,13.9
7/18/2020,19.4,13.7,25.8,12.1
7/19/2020,17.9,12.1,24.4,12.3
7/20/2020,16.1,9.8,20.2,10.4
7/21/2020,14.5,13,20.5,7.5
7/22/2020,14.5,13.8,21.1,7.3
7/23/2020,18.4,15.3,24.6,9.3
7/24/2020,18.5,7.8,22.3,14.5
7/25/2020,18.4,8.4,22.3,13.9
7/26/2020,18.7,8.5,22.4,13.9
7/27/2020,18.4,10.5,23.9,13.4
7/28/2020,17.9,4.7,20.6,15.9
7/29/2020,16.2,9.5,20.2,10.7
7/30/2020,18.3,16,25.1,9.1
7/31/2020,24.5,19.8,32,12.2
8/1/2020,20.6,12.1,25.2,13.1
8/2/2020,16.8,11.6,21.6,10
8/3/2020,15.4,12,21.2,9.2
8/4/2020,16.4,13.9,22.1,8.2
8/5/2020,20.6,14.3,28.3,14
8/6/2020,22.3,19.4,31,11.6
8/7/2020,24.7,19.5,34,14.5
8/8/2020,26.4,20,34.6,14.6
8/9/2020,26.7,11.1,32.6,21.5
8/10/2020,26.1,13.9,32.7,18.8
8/11/2020,27,13.2,34.5,21.3
8/12/2020,26.3,11.9,32.3,20.4
8/13/2020,25.1,12.6,31.7,19.1
8/14/2020,23.3,10.2,28.6,18.4
8/15/2020,22.5,9.9,28.5,18.6
8/16/2020,22.5,13.9,30.4,16.5
8/17/2020,18.9,10,25.4,15.4
8/18/2020,18.3,10.8,24,13.2
8/19/2020,21.3,14.2,27.2,13
8/20/2020,23.2,9.1,28,18.9
8/21/2020,23.9,10.4,28.5,18.1
8/22/2020,19.2,5.7,22.4,16.7
8/23/2020,17.6,6.3,21.3,15
8/24/2020,16.5,9.3,20.7,11.4
8/25/2020,17,8.8,21.2,12.4
8/26/2020,16.1,5.4,18.4,13
8/27/2020,16,8.2,19.8,11.6
8/28/2020,16.1,8.3,21,12.7
8/29/2020,14.9,6.7,18.8,12.1
8/30/2020,15.3,7.6,18.6,11
8/31/2020,14.5,9.1,18.3,9.2
9/1/2020,13.5,8.6,17.6,9
9/2/2020,14.8,13.8,21.7,7.9
9/3/2020,16.3,10,20.7,10.7
9/4/2020,17.3,7.2,21,13.8
9/5/2020,14.8,8.4,18.8,10.4
9/6/2020,14.2,10.3,19.3,9
9/7/2020,15.5,13,21,8
9/8/2020,17.3,3.9,19,15.1
9/9/2020,16.8,12.3,20.9,8.6
9/10/2020,13.2,12.8,19.8,7
9/11/2020,13.7,11.3,20,8.7
9/12/2020,14.2,10.5,19.1,8.6
9/13/2020,16.4,11.6,22.5,10.9
9/14/2020,18.6,19,28.5,9.5
9/15/2020,21.2,19.1,31.4,12.3
9/16/2020,18.4,10.2,23.5,13.3
9/17/2020,13.5,11.1,19,7.9
9/18/2020,14.5,13.9,21.3,7.4
9/19/2020,15.4,16,23.3,7.3
9/20/2020,14.9,15.3,22.8,7.5
9/21/2020,14.9,17.6,25.3,7.7
9/22/2020,14.1,18.4,23.6,5.2
9/23/2020,16.2,12.3,21.8,9.5
9/24/2020,13.7,6,17.5,11.5
9/25/2020,10.9,4.7,13.5,8.8
9/26/2020,12.8,7.1,16.2,9.1
9/27/2020,14.2,3.4,16.3,12.9
9/28/2020,12.8,1.6,13.7,12.1
9/29/2020,15.1,7.2,19.3,12.1
9/30/2020,15.3,6.4,18.4,12
10/1/2020,13.1,6.6,15.6,9
10/2/2020,12.9,8,16,8
10/3/2020,12.6,4.8,14.7,9.9
10/4/2020,11.9,4.3,14.8,10.5
10/5/2020,12.2,4.2,14.4,10.2
10/6/2020,12.8,3.6,14.8,11.2
10/7/2020,12.4,4.3,15,10.7
10/8/2020,13.1,5.1,15.9,10.8
10/9/2020,11.8,7.1,15.3,8.2
10/10/2020,8.7,7.8,12.9,5.1
10/11/2020,9.4,8.6,13.7,5.1
10/12/2020,9.4,10.2,14.5,4.3
10/13/2020,9.6,6.2,12.8,6.6
10/14/2020,9.2,6.3,12.3,6
10/15/2020,9.4,5.6,11.5,5.9
10/16/2020,8.3,7.6,12.2,4.6
10/17/2020,7.1,10.5,12.5,2
10/18/2020,8.8,11.4,13.4,2
10/19/2020,9.4,6.2,13.2,7
10/20/2020,11.7,6.6,14.4,7.8
10/21/2020,15.4,7.8,20.3,12.5
10/22/2020,13.9,5.4,16.1,10.7
10/23/2020,12,9.7,15.9,6.2
10/24/2020,13.9,4.5,16.2,11.7
10/25/2020,12.1,5.9,15.9,10
10/26/2020,10.4,4.1,12.7,8.6
10/27/2020,10.1,4.5,12,7.5
10/28/2020,10,4.7,13,8.3
10/29/2020,10.7,5.9,13.7,7.8
10/30/2020,14.3,2.4,15.7,13.3
10/31/2020,13.5,4.6,15.5,10.9
11/1/2020,14.3,7.1,17.6,10.5
11/2/2020,15.8,8.7,19.3,10.6
11/3/2020,9.2,6.3,12.9,6.6
11/4/2020,6.7,11.9,12.8,0.9
11/5/2020,6.4,12.2,12.8,0.6
11/6/2020,8.4,7.8,12.4,4.6
11/7/2020,6.8,9.1,12.6,3.5
11/8/2020,8.4,11.4,13.2,1.8
11/9/2020,12.1,8.4,16.9,8.5
11/10/2020,12.4,7.6,16.4,8.8
11/11/2020,11.4,2.8,13,10.2
11/12/2020,10.2,6.6,13.2,6.6
11/13/2020,9.5,8,12.9,4.9
11/14/2020,12.4,6.4,14.7,8.3
11/15/2020,12.7,5.8,15.6,9.8
11/16/2020,10.2,3.4,12.3,8.9
11/17/2020,12,2.3,12.9,10.6
11/18/2020,12.8,4,14.9,10.9
11/19/2020,8.2,8,11.7,3.7
11/20/2020,6,5,8.5,3.5
11/21/2020,8.7,4.7,10.2,5.5
11/22/2020,8.9,6.5,11.6,5.1
11/23/2020,6.1,9.5,10.6,1.1
11/24/2020,7.9,5.1,10.2,5.1
11/25/2020,6.7,5.5,9.2,3.7
11/26/2020,8.8,2.4,9.8,7.4
11/27/2020,6.3,4,7.5,3.5
11/28/2020,4.2,2.3,5.6,3.3
11/29/2020,0.9,7.3,3.7,-3.6
11/30/2020,2.4,12.6,8.4,-4.2
12/1/2020,8.1,3.4,9.8,6.4
12/2/2020,5.8,1.2,6.4,5.2
12/3/2020,5.5,1.6,6.2,4.6
12/4/2020,5,8.8,8,-0.8
12/5/2020,1.3,8.6,5.6,-3
12/6/2020,1.8,6,4.2,-1.8
12/7/2020,4.2,3.6,5.5,1.9
12/8/2020,1.8,6.4,4.8,-1.6
12/9/2020,0.8,4.6,3.1,-1.5
12/10/2020,0.6,3.4,2.9,-0.5
12/11/2020,2.6,4.7,4.4,-0.3
12/12/2020,6.5,4.7,8.9,4.2
12/13/2020,6.9,2.2,7.9,5.7
12/14/2020,9.6,5.1,11.6,6.5
12/15/2020,8.7,5.4,10.4,5
12/16/2020,7.2,5.1,9.7,4.6
12/17/2020,8.9,3.9,10.3,6.4
12/18/2020,7.9,5.4,11,5.6
12/19/2020,8.3,6.4,11.5,5.1
12/20/2020,8.6,3,9.9,6.9
12/21/2020,7.9,8.8,13.1,4.3
12/22/2020,10.6,4.5,13.1,8.6
12/23/2020,10.9,3.7,12.3,8.6
12/24/2020,5.4,5.9,9.1,3.2
12/25/2020,3.2,7.7,6.6,-1.1
12/26/2020,4.5,3.4,5.9,2.5
12/27/2020,5,2.7,5.9,3.2
12/28/2020,3.6,4.1,5.4,1.3
12/29/2020,3.7,3.3,5.8,2.5
12/30/2020,4.2,4.4,6.8,2.4
12/31/2020,2.1,6.1,4,-2.1
1/1/2021,3,9.2,5.7,-3.5
1/2/2021,3.6,1.4,4.5,3.1
1/3/2021,3.3,1.2,4,2.8
1/4/2021,2.8,1.3,3.6,2.3
1/5/2021,2.9,1.5,3.6,2.1
1/6/2021,2.4,1.9,3.2,1.3
1/7/2021,2.6,2.9,4.1,1.2
1/8/2021,1.1,7.2,4.4,-2.8
1/9/2021,-0.6,11,6.5,-4.5
1/10/2021,1.6,8.6,5.2,-3.4
1/11/2021,5,4.1,7,2.9
1/12/2021,5.2,7.3,8.3,1
1/13/2021,4.3,4.5,6.2,1.7
1/14/2021,1.2,4.3,3.6,-0.7
1/15/2021,1.2,3.3,2.4,-0.9
1/16/2021,0.8,2.9,2,-0.9
1/17/2021,3.4,8,7.9,-0.1
1/18/2021,4.8,4.5,6.6,2.1
1/19/2021,7.7,6.1,10.5,4.4
1/20/2021,9,4.1,10.9,6.8
1/21/2021,7,8.7,12,3.3
1/22/2021,4,5.7,6.6,0.9
1/23/2021,3.2,4.1,5.2,1.1
1/24/2021,2.4,5.3,5.3,0
1/25/2021,2.3,8.9,6,-2.9
1/26/2021,4.5,4.1,7,2.9
1/27/2021,4.7,5.5,7.1,1.6
1/28/2021,5.1,2.7,6.7,4
1/29/2021,7.4,8.1,10.1,2
1/30/2021,0.4,4.9,2.2,-2.7
1/31/2021,-1.5,7.8,2.4,-5.4
2/1/2021,1,2,2.2,0.2
2/2/2021,5,9.6,9.9,0.3
2/3/2021,8.6,2.5,10,7.5
2/4/2021,6.6,3.4,8.4,5
2/5/2021,6.8,4.1,9.2,5.1
2/6/2021,2.6,8.2,6.6,-1.6
2/7/2021,-4.1,3.7,-1.5,-5.2
2/8/2021,-5.6,1.8,-4.8,-6.6
2/9/2021,-4.4,6.6,-1,-7.6
2/10/2021,-3.7,5.5,-0.6,-6.1
2/11/2021,-4.8,9.9,-0.1,-10
2/12/2021,-5.8,8,-2.9,-10.9
2/13/2021,-5.2,10,-0.6,-10.6
2/14/2021,-0.6,8.2,3,-5.2
2/15/2021,2.9,4,4.9,0.9
2/16/2021,7.3,7.4,11,3.6
2/17/2021,9.5,4.3,11.5,7.2
2/18/2021,8.1,6,11.4,5.4
2/19/2021,7.1,7.2,10.5,3.3
2/20/2021,11.7,7.8,15.9,8.1
2/21/2021,10.7,9.5,16.9,7.4
2/22/2021,12.2,8.2,16.2,8
2/23/2021,13.4,9.3,17.8,8.5
2/24/2021,13.7,10.1,18.7,8.6
2/25/2021,11.4,8.4,16.5,8.1
2/26/2021,6.5,11,10.6,-0.4
2/27/2021,4.3,10.3,9.8,-0.5
2/28/2021,4,12.1,10.6,-1.5
3/1/2021,5.5,8.4,11,2.6
3/2/2021,6.3,14.4,14.5,0.1
3/3/2021,4.5,9.9,9.9,0
3/4/2021,4.2,2.6,5.8,3.2
3/5/2021,1.9,10.4,6.6,-3.8
3/6/2021,0.7,12.4,7,-5.4
3/7/2021,1.4,10.3,5.6,-4.7
3/8/2021,5.4,5.9,8.8,2.9
3/9/2021,5.1,7.6,7,-0.6
3/10/2021,5.7,10.4,9.8,-0.6
3/11/2021,9.4,5.8,12,6.2
3/12/2021,7.1,3.4,8.5,5.1
3/13/2021,6.9,5.6,8.9,3.3
3/14/2021,6.7,4.2,8.8,4.6
3/15/2021,6.6,3.2,8.6,5.4
3/16/2021,5.6,3.9,7.6,3.7
3/17/2021,5,8,8,0
3/18/2021,4.4,9.1,8.6,-0.5
3/19/2021,4.6,9.1,9.5,0.4
3/20/2021,4.3,11,8.8,-2.2
3/21/2021,6.1,5.1,7.4,2.3
3/22/2021,5.7,7.3,8.3,1
3/23/2021,6.5,8.7,10.2,1.5
3/24/2021,6.7,14.7,14.4,-0.3
3/25/2021,8.2,10.3,13.1,2.8
3/26/2021,9.7,8.5,14,5.5
3/27/2021,6.9,4.7,9.4,4.7
3/28/2021,9.7,6.9,12.9,6
3/29/2021,12.3,12.4,18.8,6.4
3/30/2021,11.3,19.6,21.3,1.7
3/31/2021,13.8,20.7,23.8,3.1
4/1/2021,9.6,9.2,13.2,4
4/2/2021,5.3,7.5,7.6,0.1
4/3/2021,7.2,5.9,10.8,4.9
4/4/2021,6.3,4.8,9.6,4.8
4/5/2021,4.2,7.9,8.5,0.6
4/6/2021,2.5,5.2,5.7,0.5
4/7/2021,3.4,6.8,7.2,0.4
4/8/2021,5.5,8.4,9.2,0.8
4/9/2021,7.8,7.9,12.4,4.5
4/10/2021,5,5.4,7.6,2.2
4/11/2021,4.2,8.3,7.9,-0.4
4/12/2021,3.5,8.9,8.3,-0.6
4/13/2021,4.2,11.8,9.6,-2.2
4/14/2021,4.5,10.2,9.6,-0.6
4/15/2021,5.3,9.7,9.7,0
4/16/2021,6.5,14.4,12.5,-1.9
4/17/2021,7.1,12.2,12.1,-0.1
4/18/2021,8.4,15.8,15.6,-0.2
4/19/2021,8.8,10.3,14.6,4.3
4/20/2021,10.9,14.8,17.5,2.7
4/21/2021,8.1,9.4,12.7,3.3
4/22/2021,6.7,11.3,11.8,0.5
4/23/2021,7.1,15.2,13.5,-1.7
4/24/2021,7.6,13.1,13.5,0.4
4/25/2021,7.1,7.3,10.9,3.6
4/26/2021,7.3,10.7,12.5,1.8
4/27/2021,9.2,14.7,15.7,1
4/28/2021,10.8,14,17.8,3.8
4/29/2021,7.7,2.9,9.2,6.3
4/30/2021,7.8,4.9,10.3,5.4
5/1/2021,7.7,10.8,12.7,1.9
5/2/2021,6.8,8.9,11,2.1
5/3/2021,9.9,12.8,13.9,1.1
5/4/2021,9,4.6,10.9,6.3
5/5/2021,7.1,6.4,10.8,4.4
5/6/2021,5.9,7.8,10.4,2.6
5/7/2021,6.5,11,11.8,0.8
5/8/2021,10.4,15.7,16.4,0.7
5/9/2021,18.5,13.5,24.9,11.4
5/10/2021,15.9,7,19.4,12.4
5/11/2021,13.6,7.7,17.1,9.4
5/12/2021,11.5,11.8,17.6,5.8
5/13/2021,12.1,15.4,19.1,3.7
5/14/2021,11.1,8.3,15.9,7.6
5/15/2021,10.6,5.9,13.6,7.7
5/16/2021,11.4,6.8,14.9,8.1
5/17/2021,11.1,7.7,14.8,7.1
5/18/2021,11.3,10.6,16.4,5.8
5/19/2021,10.4,8.1,14.4,6.3
5/20/2021,12.2,10.8,15.8,5
5/21/2021,13.2,6.3,16.7,10.4
5/22/2021,10.5,4,12.5,8.5
5/23/2021,11.7,7.1,14.9,7.8
5/24/2021,11.2,6.2,14.8,8.6
5/25/2021,10.2,7.5,14.2,6.7
5/26/2021,10.8,5.6,14,8.4
5/27/2021,10.5,6.3,13.5,7.2
5/28/2021,12.6,15.8,19.1,3.3
5/29/2021,12.5,12.2,17.2,5
5/30/2021,14.9,13.9,21.4,7.5
5/31/2021,16.7,13.9,23,9.1
6/1/2021,18.5,16.7,25.2,8.5
6/2/2021,21,16.5,27.3,10.8
6/3/2021,20.7,9.9,25.3,15.4
6/4/2021,20,12.9,25.7,12.8
6/5/2021,15.7,5.2,18.6,13.4
6/6/2021,16.5,11.1,21.4,10.3
6/7/2021,16.8,14.6,22.4,7.8
6/8/2021,19.1,15.7,25.5,9.8
6/9/2021,19,14.7,25.6,10.9
6/10/2021,19.3,17,26.8,9.8
6/11/2021,18.6,12,24,12
6/12/2021,16.7,11,20.6,9.6
6/13/2021,16.6,16.3,23.6,7.3
6/14/2021,20.3,17.2,27.4,10.2
6/15/2021,18.3,10,23.1,13.1
6/16/2021,21.6,18.3,28.9,10.6
6/17/2021,24,14.1,30.8,16.7
6/18/2021,22.4,10.7,29.5,18.8
6/19/2021,18.1,4.2,20.3,16.1
6/20/2021,18.6,7.5,22.5,15
6/21/2021,14,4.1,16.2,12.1
6/22/2021,14.5,7,17.9,10.9
6/23/2021,14.6,6.2,17.2,11
6/24/2021,15,11.6,19.1,7.5
6/25/2021,14.8,11.6,18.7,7.1
6/26/2021,19.8,10.4,24.9,14.5
6/27/2021,20.8,10.2,27,16.8
6/28/2021,20.3,9.4,24.4,15
6/29/2021,17.3,7.2,20.7,13.5
6/30/2021,14,2.9,16.1,13.2
7/1/2021,15,4,17,13
7/2/2021,16.6,10.3,21.9,11.6
7/3/2021,18.4,12.6,23.4,10.8
7/4/2021,18.1,9.9,23,13.1
7/5/2021,16.7,4.6,19.1,14.5
7/6/2021,18,5.8,20.9,15.1
7/7/2021,17.2,10.1,21.8,11.7
7/8/2021,18.1,11.5,23,11.5
7/9/2021,17.6,13.2,23.8,10.6
7/10/2021,18.4,9.8,22.8,13
7/11/2021,18.8,9.2,23.4,14.2
7/12/2021,19.7,12.4,25.2,12.8
7/13/2021,18.8,5,20.6,15.6
7/14/2021,18.8,3.8,21,17.2
7/15/2021,17.8,1.9,18.6,16.7
7/16/2021,18,6.2,21.7,15.5
7/17/2021,20,11.2,24.7,13.5
7/18/2021,20.2,13.9,26.6,12.7
7/19/2021,17.4,11.1,22.8,11.7
7/20/2021,17.2,14.7,23.9,9.2
7/21/2021,19.4,15.2,25.9,10.7
7/22/2021,18.3,9.5,22.9,13.4
7/23/2021,17,10.4,21.2,10.8
7/24/2021,18.2,9,22.3,13.3
7/25/2021,19.7,10.6,25.8,15.2
7/26/2021,18.3,8.7,22.8,14.1
7/27/2021,17.6,7,22.1,15.1
7/28/2021,17.6,5.7,20.7,15
7/29/2021,17.3,8.3,21.5,13.2
7/30/2021,17,10.4,21.4,11
7/31/2021,16.4,7.9,20,12.1
8/1/2021,16,8.1,19.3,11.2
8/2/2021,15.3,9.3,19.6,10.3
8/3/2021,14.3,8.7,18.6,9.9
8/4/2021,16.1,12.3,21.4,9.1
8/5/2021,18.3,12.2,23.3,11.1
8/6/2021,18.8,5.8,21.9,16.1
8/7/2021,17,8,22.3,14.3
8/8/2021,16.3,5,19.8,14.8
8/9/2021,16.6,7,20.5,13.5
8/10/2021,16.8,11.3,22.2,10.9
8/11/2021,17.4,13.1,23.6,10.5
8/12/2021,19,12.6,25.2,12.6
8/13/2021,17.7,8.1,21.4,13.3
8/14/2021,17.6,9.7,22.9,13.2
8/15/2021,19.1,11.4,24.7,13.3
8/16/2021,15.9,4.8,17.9,13.1
8/17/2021,14.7,4.6,16.8,12.2
8/18/2021,16.8,5.2,20,14.8
8/19/2021,16.5,5.6,18.2,12.6
8/20/2021,17.5,10.5,22.5,12
8/21/2021,18.7,11.7,23.3,11.6
8/22/2021,17.9,3.9,20.2,16.3
8/23/2021,18.2,7.4,22,14.6
8/24/2021,17.1,9.2,21.7,12.5
8/25/2021,16.2,10.6,21.3,10.7
8/26/2021,16.3,7.4,19.6,12.2
8/27/2021,15.8,6.3,19.4,13.1
8/28/2021,17,6,20.2,14.2
8/29/2021,16.2,2.2,17.2,15
8/30/2021,17.6,6.5,21.3,14.8
8/31/2021,16.3,8.8,19.8,11
9/1/2021,16.5,4.2,18.6,14.4
9/2/2021,16.3,9,21.2,12.2
9/3/2021,16.4,11.3,22.7,11.4
9/4/2021,15.4,9.6,21.1,11.5
9/5/2021,15.6,14,23.4,9.4
9/6/2021,16.5,16.4,24.3,7.9
9/7/2021,18.3,14.9,26,11.1
9/8/2021,19.4,15.5,26.9,11.4
9/9/2021,19.7,13.7,26.4,12.7
9/10/2021,19.5,6.5,23.4,16.9
9/11/2021,18.3,4.8,20.8,16
9/12/2021,15.9,11.4,21.5,10.1
9/13/2021,14.5,9.7,18.8,9.1
9/14/2021,17.3,10.7,22.4,11.7
9/15/2021,16.8,5.8,20,14.2
9/16/2021,16.2,8.8,20.3,11.5
9/17/2021,15.9,10.8,21.1,10.3
9/18/2021,15.3,13.7,22.3,8.6
9/19/2021,15.4,8.9,20.7,11.8
9/20/2021,11.9,11.8,17.3,5.5
9/21/2021,11.8,15.7,19.4,3.7
9/22/2021,13.2,14.8,20.9,6.1
9/23/2021,15.8,7.9,19.4,11.5
9/24/2021,17.9,8.9,21.6,12.7
9/25/2021,16.9,10.1,21.9,11.8
9/26/2021,17.7,11.8,23.7,11.9
9/27/2021,15.4,9.7,20.8,11.1
9/28/2021,14,9.4,19.2,9.8
9/29/2021,11.8,5.9,15.4,9.5
9/30/2021,12.3,5.1,14.1,9
10/1/2021,13.5,4.2,16,11.8
10/2/2021,14.4,4.9,16.8,11.9
10/3/2021,12.9,5,16.6,11.6
10/4/2021,13.5,7.3,17.7,10.4
10/5/2021,12.7,6.1,16.5,10.4
10/6/2021,12.3,8.4,16.3,7.9
10/7/2021,10.5,9.2,15.6,6.4
10/8/2021,10.7,12.6,17.9,5.3
10/9/2021,9.8,12.3,16.4,4.1
10/10/2021,10.2,14.2,16.4,2.2
10/11/2021,11.8,9.7,16,6.3
10/12/2021,10.1,9.9,14.2,4.3
10/13/2021,10.1,10.3,14.1,3.8
10/14/2021,13.7,4.9,16.2,11.3
10/15/2021,10.5,11.2,14.8,3.6
10/16/2021,10.3,8.2,13.8,5.6
10/17/2021,11.3,5.8,14.3,8.5
10/18/2021,11.5,7.7,14.5,6.8
10/19/2021,16.3,6.1,19.4,13.3
10/20/2021,15.6,5.4,18,12.6
10/21/2021,10,8.2,14.6,6.4
10/22/2021,8.4,10.3,12.8,2.5
10/23/2021,7.3,11.1,12.1,1
10/24/2021,7.9,9.2,13.3,4.1
10/25/2021,10.7,6.6,13,6.4
10/26/2021,12.6,4.9,14.7,9.8
10/27/2021,13.4,6.5,16.7,10.2
10/28/2021,11.4,9,16.4,7.4
10/29/2021,13.1,8.6,17.8,9.2
10/30/2021,12,3.9,14.1,10.2
10/31/2021,11.5,6.8,15.3,8.5
11/1/2021,9.4,7.2,13,5.8
11/2/2021,7,7.2,9.8,2.6
11/3/2021,5,7.5,9.3,1.8
11/4/2021,5.8,8.9,11.6,2.7
11/5/2021,7.7,11.7,12.6,0.9
11/6/2021,9.7,4.1,11.5,7.4
11/7/2021,9.9,5.4,12.3,6.9
11/8/2021,8.1,9.6,12.4,2.8
11/9/2021,8.2,8.3,11.3,3
11/10/2021,8.9,3.7,10.4,6.7
11/11/2021,9.7,2.6,10.9,8.3
11/12/2021,7.4,5.6,9.5,3.9
11/13/2021,10.9,4.1,13.3,9.2
11/14/2021,9.7,1.8,10.5,8.7
11/15/2021,6.6,3.7,8.8,5.1
11/16/2021,5.1,1.1,5.9,4.8
11/17/2021,8.2,6.2,12.1,5.9
11/18/2021,10,5.6,11.8,6.2
11/19/2021,11.9,4.6,14.2,9.6
11/20/2021,10.1,2.1,11,8.9
11/21/2021,8,5.8,11,5.2
11/22/2021,3.6,10,9.2,-0.8
11/23/2021,6.4,10.5,11.1,0.6
11/24/2021,6.1,3.6,7.5,3.9
11/25/2021,5.5,7,9.2,2.2
11/26/2021,4.4,2,5.6,3.6
11/27/2021,3,1.3,3.8,2.5
11/28/2021,2.2,5.5,4.2,-1.3
11/29/2021,4.3,6,7.5,1.5
11/30/2021,8.6,6.4,10.4,4
12/1/2021,8,6,10.6,4.6
12/2/2021,2.3,7,5.2,-1.8
12/3/2021,3.5,3.7,4.7,1
12/4/2021,4.9,1.4,5.7,4.3
12/5/2021,4.3,2.9,5.4,2.5
12/6/2021,3,3.4,3.9,0.5
12/7/2021,4,5.3,6,0.7
12/8/2021,5.1,5.1,7,1.9
12/9/2021,3.6,4.1,5.4,1.3
12/10/2021,3,6,4.8,-1.2
12/11/2021,4.3,9.6,8.6,-1
12/12/2021,8.9,5.8,11.1,5.3
12/13/2021,9.7,2,10.6,8.6
12/14/2021,9,2.3,10.1,7.8
12/15/2021,9.8,3.3,11,7.7
12/16/2021,6.5,9.2,11.8,2.6
12/17/2021,7.7,2.1,8.6,6.5
12/18/2021,6.2,3.2,7.9,4.7
12/19/2021,6.8,1.5,7.3,5.8
12/20/2021,3.5,10.6,7.3,-3.3
12/21/2021,-2.2,10.2,4.7,-5.5
12/22/2021,-2.4,6.1,0,-6.1
12/23/2021,2.3,9,7.7,-1.3
12/24/2021,7.8,6,10,4
12/25/2021,-1,8.6,4,-4.6
12/26/2021,-1,7.4,2.4,-5
12/27/2021,5.6,6.8,9,2.2
12/28/2021,8.8,3.4,10.7,7.3
12/29/2021,9.5,3.7,12.1,8.4
12/30/2021,12.9,3.9,13.9,10
12/31/2021,12.8,3.3,14.4,11.1
1/1/2022,12.3,2.3,13.2,10.9
1/2/2022,11.7,2.8,13,10.2
1/3/2022,9.7,2.2,11,8.8
1/4/2022,6.5,5.7,8.9,3.2
1/5/2022,5.1,5.3,7.6,2.3
1/6/2022,3.7,7.6,6.5,-1.1
1/7/2022,3.7,6,6.7,0.7
1/8/2022,2.9,8.8,6.2,-2.6
1/9/2022,4.6,9.2,7.7,-1.5
1/10/2022,1.7,9.4,6.9,-2.5
1/11/2022,2.3,5,5.2,0.2
1/12/2022,4,1.9,5,3.1
1/13/2022,4.3,2,5.3,3.3
1/14/2022,4.6,2.8,6,3.2
1/15/2022,2.3,3.5,4.3,0.8
1/16/2022,5.3,5.8,7.3,1.5
1/17/2022,6.4,7,9.1,2.1
1/18/2022,3.4,6.3,6.4,0.1
1/19/2022,3.6,8.9,7.1,-1.8
1/20/2022,3.5,7,6.1,-0.9
1/21/2022,4.1,7.7,7,-0.7
1/22/2022,6.4,2,7.6,5.6
1/23/2022,6.1,2.6,7.3,4.7
1/24/2022,4.5,2,5.7,3.7
1/25/2022,3,1.4,3.8,2.4
1/26/2022,4.2,3.7,6,2.3
1/27/2022,7,4.6,9.6,5
1/28/2022,6.6,4.5,9,4.5
1/29/2022,9.1,5.3,11.7,6.4
1/30/2022,6,4.1,8.4,4.3
1/31/2022,5.7,3.6,7.1,3.5
2/1/2022,7.4,6.5,9.9,3.4
2/2/2022,8.7,3.6,10.7,7.1
2/3/2022,7.6,1.6,8.5,6.9
2/4/2022,6.7,5.3,9.1,3.8
2/5/2022,6.4,4.7,8.1,3.4
2/6/2022,7.4,5.4,9.4,4
2/7/2022,6.3,5.4,8.3,2.9
2/8/2022,10,5.3,12.5,7.2
2/9/2022,8.9,1.7,10,8.3
2/10/2022,6.8,4.3,8.5,4.2
2/11/2022,3.8,10.1,7.7,-2.4
2/12/2022,2.6,10.9,7.3,-3.6
2/13/2022,6.1,9.3,10.3,1
2/14/2022,9,5.5,11.4,5.9
2/15/2022,7.5,3.7,9.2,5.5
2/16/2022,11.1,4.9,13.2,8.3
2/17/2022,9,5.6,12.4,6.8
2/18/2022,8.4,6.3,12.3,6
2/19/2022,6.1,3.9,8.4,4.5
2/20/2022,8.2,6.5,10.7,4.2
2/21/2022,6.5,4.1,8.2,4.1
2/22/2022,7.1,6.8,10.5,3.7
2/23/2022,8,7.2,11.3,4.1
2/24/2022,6.2,7.4,10.1,2.7
2/25/2022,4.7,9.3,8.6,-0.7
2/26/2022,2.2,11.4,8.7,-2.7
2/27/2022,4.2,11.2,9.2,-2
2/28/2022,4.5,9.4,9.5,0.1
3/1/2022,5.2,6.5,8.3,1.8
3/2/2022,5.6,10.4,11.7,1.3
3/3/2022,5,14.2,11.7,-2.5
3/4/2022,4.2,11.9,11,-0.9
3/5/2022,2.6,12,8.7,-3.3
3/6/2022,2.4,8.3,6.4,-1.9
3/7/2022,2.3,12.1,7.7,-4.4
3/8/2022,4.9,10.9,10.1,-0.8
3/9/2022,6.1,13.6,13.2,-0.4
3/10/2022,8.5,15,15.3,0.3
3/11/2022,10.1,8.8,14.4,5.6
3/12/2022,11.2,7.9,15.1,7.2
3/13/2022,12.1,8,16.5,8.5
3/14/2022,9,10.5,13.5,3
3/15/2022,7.4,11.7,14.1,2.4
3/16/2022,9.1,12.1,13.2,1.1
3/17/2022,7.6,11.8,11.8,0
3/18/2022,7.8,17,15.3,-1.7
3/19/2022,8.8,10.4,14.1,3.7
3/20/2022,4.5,9.8,8.7,-1.1
3/21/2022,7.7,18.2,16.3,-1.9
3/22/2022,10.3,17.2,19.6,2.4
3/23/2022,9.8,19.3,19.3,0
3/24/2022,9.4,17.8,18.3,0.5
3/25/2022,8.6,17.5,16.7,-0.8
3/26/2022,10.4,16,17.4,1.4
3/27/2022,10.3,10.6,16.4,5.8
3/28/2022,8.3,11.7,14.3,2.6
3/29/2022,8.2,9.6,14,4.4
3/30/2022,6,10.2,10.6,0.4
3/31/2022,1.9,4.5,4.5,0
4/1/2022,2.1,5,4.7,-0.3
4/2/2022,2.4,9.5,6.3,-3.2
4/3/2022,3,12.5,8.5,-4
4/4/2022,7.1,7.4,10.7,3.3
4/5/2022,10,4.4,11.9,7.5
4/6/2022,9.7,1.9,10.7,8.8
4/7/2022,8,7.1,11.3,4.2
4/8/2022,6.3,5.5,8.8,3.3
4/9/2022,5.8,7.4,9.6,2.2
4/10/2022,6.2,10.6,11.9,1.3
4/11/2022,9.1,14.8,15,0.2
4/12/2022,13.8,14.1,20.6,6.5
4/13/2022,13.1,7.6,16.6,9
4/14/2022,12.1,13.2,18.7,5.5
4/15/2022,9.8,5,12.6,7.6
4/16/2022,10.5,11.9,16.5,4.6
4/17/2022,10.8,14.7,17.6,2.9
4/18/2022,12,14.2,19.3,5.1
4/19/2022,12.3,16.5,19.1,2.6
4/20/2022,12.2,12.5,17.7,5.2
4/21/2022,12.6,13.2,18.1,4.9
4/22/2022,13.1,9.1,17.8,8.7
4/23/2022,13.6,9.4,18.7,9.3
4/24/2022,12,9.8,17.5,7.7
4/25/2022,8.6,3.6,10.5,6.9
4/26/2022,9.2,11.4,13.8,2.4
4/27/2022,7.5,13.4,13.6,0.2
4/28/2022,8.8,15,15.2,0.2
4/29/2022,8.8,7.7,13.1,5.4
4/30/2022,7.9,11.2,12.5,1.3
5/1/2022,9.1,15.3,15.6,0.3
5/2/2022,10.8,16,17.7,1.7
5/3/2022,9.7,13.4,15.9,2.5
5/4/2022,10.3,12.2,16.1,3.9
5/5/2022,12.1,15.6,19.4,3.8
5/6/2022,13.7,12.6,21,8.4
5/7/2022,14.7,11.2,20.6,9.4
5/8/2022,11.9,9.9,17,7.1
5/9/2022,14.3,19.6,22.7,3.1
5/10/2022,17.1,14.3,23.8,9.5
5/11/2022,16.4,10.2,21.1,10.9
5/12/2022,14.2,9.9,19.4,9.5
5/13/2022,14.5,7.4,18.3,10.9
5/14/2022,15.6,12.2,21.7,9.5
5/15/2022,18.3,17.7,25,7.3
5/16/2022,17.8,11,24.5,13.5
5/17/2022,18.5,14.2,25.2,11
5/18/2022,19.2,12.4,24.7,12.3
5/19/2022,16.9,13.6,23,9.4
5/20/2022,13.3,12.6,20.1,7.5
5/21/2022,14,10.1,17.6,7.5
5/22/2022,15.6,15.6,21.4,5.8
5/23/2022,15.8,9.5,21.9,12.4
5/24/2022,13.3,9.6,17.5,7.9
5/25/2022,13.7,10.9,17.8,6.9
5/26/2022,16.1,5.3,19,13.7
5/27/2022,13.8,5.1,15.9,10.8
5/28/2022,11.9,10.7,16.2,5.5
5/29/2022,10.4,9,14.2,5.2
5/30/2022,10.4,10.4,14.7,4.3
5/31/2022,11.9,12.1,18.2,6.1
6/1/2022,12.6,9.9,16.5,6.6
6/2/2022,13.7,15,19.6,4.6
6/3/2022,17.3,13.4,23.7,10.3
6/4/2022,16.8,11.4,22.7,11.3
6/5/2022,16.4,8.4,21.4,13
6/6/2022,13.9,5.7,18.1,12.4
6/7/2022,15.5,6.7,19.6,12.9
6/8/2022,15.6,5.5,18.8,13.3
6/9/2022,16.4,9.9,20.2,10.3
6/10/2022,17.7,11.9,22.1,10.2
6/11/2022,17.9,9.9,21.9,12
6/12/2022,16,10.8,21,10.2
6/13/2022,14.4,10.3,18.2,7.9
6/14/2022,15.2,15.1,21.1,6
6/15/2022,17.8,15.9,23.9,8
6/16/2022,17.8,15.9,24.4,8.5
6/17/2022,22.1,16.9,28.9,12
6/18/2022,21.2,12.3,27,14.7
6/19/2022,14.8,5.2,17.6,12.4
6/20/2022,15,10.9,19.1,8.2
6/21/2022,15.7,15.6,22.2,6.6
6/22/2022,18.6,16.5,25.2,8.7
6/23/2022,22.8,16.9,29.8,12.9
6/24/2022,19,6.9,23.4,16.5
6/25/2022,18.4,7.6,23,15.4
6/26/2022,17.5,5.9,20.8,14.9
6/27/2022,16.2,7.6,19.9,12.3
6/28/2022,17.6,12.7,23,10.3
6/29/2022,20.6,15.4,26.9,11.5
6/30/2022,17.8,9.8,23.6,13.8
7/1/2022,16.2,9.2,20.5,11.3
7/2/2022,18.1,13.7,23.9,10.2
7/3/2022,16.7,10.4,21.1,10.7
7/4/2022,16.5,12.7,22.1,9.4
7/5/2022,15.7,10.9,20.7,9.8
7/6/2022,16.8,12.7,21.7,9
7/7/2022,16.4,4.3,18.9,14.6
7/8/2022,17.9,13.8,23.5,9.7
7/9/2022,17.1,9.4,21.7,12.3
7/10/2022,17.3,8.2,21.1,12.9
7/11/2022,18.1,11.1,23.4,12.3
7/12/2022,20.8,16.3,26.8,10.5
7/13/2022,21.5,13.6,27.2,13.6
7/14/2022,17.2,12.7,22.5,9.8
7/15/2022,17,13.6,22,8.4
7/16/2022,17.2,12,21.6,9.6
7/17/2022,17.8,18,26,8
7/18/2022,22.3,21.6,32.2,10.6
7/19/2022,26.9,21.3,35.5,14.2
7/20/2022,23.7,9.4,27.7,18.3
7/21/2022,17.7,4.2,19.8,15.6
7/22/2022,17.5,8,20.7,12.7
7/23/2022,18.3,14.8,25.1,10.3
7/24/2022,22.8,15.9,29.4,13.5
7/25/2022,21,7.1,24.5,17.4
7/26/2022,17.1,9.7,20.2,10.5
7/27/2022,15.8,12.1,20.9,8.8
7/28/2022,17.2,10.8,22.3,11.5
7/29/2022,18.9,10,24.5,14.5
7/30/2022,19.2,13.4,24.4,11
7/31/2022,19.1,5.9,22,16.1
8/1/2022,18.1,11.6,22.8,11.2
8/2/2022,21,16.1,27.7,11.6
8/3/2022,23,12.4,29.5,17.1
8/4/2022,21.4,9.9,26.4,16.5
8/5/2022,17.4,13,21.6,8.6
8/6/2022,15.7,15.5,22.7,7.2
8/7/2022,16.6,14.7,23.1,8.4
8/8/2022,17.3,13.9,23.4,9.5
8/9/2022,19.4,14.5,25.7,11.2
8/10/2022,22.3,15.9,30,14.1
8/11/2022,24,17.5,31.6,14.1
8/12/2022,23.8,16.7,32.3,15.6
8/13/2022,22.4,18.9,31,12.1
8/14/2022,24,18.6,32.2,13.6
8/15/2022,22.4,8.7,26.2,17.5
8/16/2022,21.1,12.8,27.4,14.6
8/17/2022,19.4,3.7,21.2,17.5
8/18/2022,19.9,9.3,24.3,15
8/19/2022,19.3,11,24.2,13.2
8/20/2022,18.8,12.1,23.9,11.8
8/21/2022,17.7,13.7,24.5,10.8
8/22/2022,19.9,10.6,25.8,15.2
8/23/2022,21.7,12.9,28.5,15.6
8/24/2022,23.1,15,30.2,15.2
8/25/2022,24.2,15.1,32.6,17.5
8/26/2022,19.2,5.2,20.9,15.7
8/27/2022,16.8,11.7,22.3,10.6
8/28/2022,15.6,13.8,22,8.2
8/29/2022,16.9,12.6,22.5,9.9
8/30/2022,18.5,9.7,23.5,13.8
8/31/2022,18.4,9.9,23.8,13.9
9/1/2022,18.7,12.8,24.7,11.9
9/2/2022,19.7,12.4,26,13.6
9/3/2022,19.5,13.6,26.8,13.2
9/4/2022,18.9,14.4,26.9,12.5
9/5/2022,21.1,18.3,29.7,11.4
9/6/2022,20.9,11.9,27.2,15.3
9/7/2022,18.7,10,24.4,14.4
9/8/2022,17.4,7.8,22.3,14.5
9/9/2022,15.8,5.3,18.2,12.9
9/10/2022,16.9,9.3,21.2,11.9
9/11/2022,15.7,12.5,22.6,10.1
9/12/2022,17.4,14.1,24.4,10.3
9/13/2022,18.1,9,22.7,13.7
9/14/2022,15.5,8.6,20.3,11.7
9/15/2022,14.9,9,19.7,10.7
9/16/2022,12.5,5.8,16.2,10.4
9/17/2022,12.4,7,16.9,9.9
9/18/2022,11.1,4.7,13.3,8.6
9/19/2022,12.5,8.7,16.6,7.9
9/20/2022,12.2,9.4,16.6,7.2
9/21/2022,10.3,13.5,18,4.5
9/22/2022,10.9,15.7,19,3.3
9/23/2022,13.4,11.4,18,6.6
9/24/2022,12.7,7.5,14.6,7.1
9/25/2022,11.3,12.7,17.4,4.7
9/26/2022,11.5,3.6,13.5,9.9
9/27/2022,9.1,3.9,11.2,7.3
9/28/2022,9.5,10.7,14.9,4.2
9/29/2022,7.9,13.3,15.8,2.5
9/30/2022,11.3,14.5,17.2,2.7
10/1/2022,14.2,7,18,11
10/2/2022,13.2,12.1,18.3,6.2
10/3/2022,11.1,13,17.4,4.4
10/4/2022,14.3,9.8,18.4,8.6
10/5/2022,15.7,5.3,18.3,13
10/6/2022,12.3,10.9,17.4,6.5
10/7/2022,13.4,10.1,17.1,7
10/8/2022,11.3,11.8,16.1,4.3
10/9/2022,9.7,13.2,16.5,3.3
10/10/2022,9.6,12.4,15.7,3.3
10/11/2022,8.4,14.9,16.7,1.8
10/12/2022,8.9,13,15.5,2.5
10/13/2022,12,8.6,14.9,6.3
10/14/2022,12.6,8,16.1,8.1
10/15/2022,13.6,7.3,16.4,9.1
10/16/2022,14.5,5.3,17.8,12.5
10/17/2022,15.5,5.3,17.8,12.5
10/18/2022,11.2,14,18.2,4.2
10/19/2022,8.8,12.9,14.6,1.7
10/20/2022,12.2,8.2,15.6,7.4
10/21/2022,14.9,7.9,19.7,11.8
10/22/2022,13.7,8.5,18.2,9.7
10/23/2022,15.1,8.4,18.6,10.2
10/24/2022,15.2,4.1,16.7,12.6
10/25/2022,13.7,7.3,17.2,9.9
10/26/2022,15,9.1,19.4,10.3
10/27/2022,15.7,6.6,19.4,12.8
10/28/2022,16,10.2,20.5,10.3
10/29/2022,15.8,11.8,21.1,9.3
10/30/2022,14.4,9.9,20.2,10.3
10/31/2022,12.8,9.5,16.2,6.7
11/1/2022,14.7,5.2,16.9,11.7
11/2/2022,12.3,4.5,14.7,10.2
11/3/2022,12.6,5.4,16.2,10.8
11/4/2022,8.9,7.3,12.5,5.2
11/5/2022,9,8.9,12.3,3.4
11/6/2022,10.4,4.5,12.6,8.1
11/7/2022,13,3.4,14.3,10.9
11/8/2022,13.1,4.7,15.4,10.7
11/9/2022,12.3,4.1,14.1,10
11/10/2022,11.5,5.4,14.7,9.3
11/11/2022,9.1,9.9,12.9,3
11/12/2022,7.5,13.8,16.2,2.4
11/13/2022,6.9,14.4,16.1,1.7
11/14/2022,5.5,8.2,9.3,1.1
11/15/2022,10.7,6.4,12.7,6.3
11/16/2022,10.6,3.1,12.3,9.2
11/17/2022,10.1,3.2,11.2,8
11/18/2022,7.6,6.8,10.5,3.7
11/19/2022,0.4,8.9,3.8,-5.1
11/20/2022,-0.9,9.8,2.8,-7
11/21/2022,5.1,7.2,8.6,1.4
11/22/2022,6.6,3.7,8.5,4.8
11/23/2022,8.3,2.5,9.8,7.3
11/24/2022,8.9,4,11.4,7.4
11/25/2022,8.4,9.3,12.1,2.8
11/26/2022,6.6,8.2,10.5,2.3
11/27/2022,6.5,2.2,7.8,5.6
11/28/2022,8.6,3.1,10,6.9
11/29/2022,7.3,4.1,9.2,5.1
11/30/2022,5.6,9,8.9,-0.1
12/1/2022,3.5,8,7,-1
12/2/2022,2.6,1.9,3.8,1.9
12/3/2022,1.2,2.6,2.5,-0.1
12/4/2022,1.1,3,3,0
12/5/2022,4.9,2.6,5.6,3
12/6/2022,5,6.6,7.5,0.9
12/7/2022,3.9,5.4,6.9,1.5
12/8/2022,2.4,4.5,4,-0.5
12/9/2022,0.3,4.1,2.2,-1.9
12/10/2022,-0.5,2.7,1.1,-1.6
12/11/2022,1.3,1.5,2,0.5
12/12/2022,-2.3,7,0.8,-6.2
12/13/2022,-4.2,6.2,-1.4,-7.6
12/14/2022,-4.4,8.3,0.6,-7.7
12/15/2022,-2.7,10.6,3,-7.6
12/16/2022,-0.9,9.1,3.7,-5.4
12/17/2022,-1.8,3.9,-0.3,-4.2
12/18/2022,-2.4,7.1,0.7,-6.4
12/19/2022,7.7,9.5,10.2,0.7
12/20/2022,10,2.9,11.2,8.3
12/21/2022,7.9,2.7,9.2,6.5
12/22/2022,8.7,3.2,10.1,6.9
12/23/2022,9.5,2.7,11.1,8.4
12/24/2022,9.1,4.1,11,6.9
12/25/2022,8.6,1.7,9.3,7.6
12/26/2022,7,5.9,9.8,3.9
12/27/2022,5.7,3.4,7.3,3.9
12/28/2022,9.2,5.4,11.4,6
12/29/2022,9.2,5.2,11.7,6.5
12/30/2022,8.5,8.3,12.9,4.6
12/31/2022,14,5.5,15.9,10.4
1/1/2023,12.4,5.2,15.6,10.4
1/2/2023,8.8,8.5,12.8,4.3
1/3/2023,6.3,8,9.1,1.1
1/4/2023,11.6,4.3,12.8,8.5
1/5/2023,10.8,2.4,12,9.6
1/6/2023,10.6,2.4,11.7,9.3
1/7/2023,10.4,3.3,11.7,8.4
1/8/2023,8.4,3.5,10.1,6.6
1/9/2023,7,3.8,8.8,5
1/10/2023,7,5.3,10.4,5.1
1/11/2023,10,3.2,11.6,8.4
1/12/2023,10.3,2.7,11.4,8.7
1/13/2023,8.7,3.2,9.8,6.6
1/14/2023,8.4,5.8,11.5,5.7
1/15/2023,6.2,3.5,7.8,4.3
1/16/2023,4.1,2.6,5.4,2.8
1/17/2023,1.4,6.3,4.8,-1.5
1/18/2023,1.7,8.6,5.1,-3.5
1/19/2023,3,6.3,6.2,-0.1
1/20/2023,0.4,2.2,1.5,-0.7
1/21/2023,-1.4,4,0.1,-3.9
1/22/2023,0.4,3.7,1.5,-2.2
1/23/2023,2.6,2.9,4.1,1.2
1/24/2023,1.7,2.8,3.1,0.3
1/25/2023,-0.7,1.6,0.3,-1.3
1/26/2023,4.1,8.6,8.1,-0.5
1/27/2023,4,3,5.4,2.4
1/28/2023,3.2,4.7,6.2,1.5
1/29/2023,4.3,3.6,6.6,3
1/30/2023,6.7,5,8.6,3.6
1/31/2023,6.4,6.5,9.7,3.2
2/1/2023,7.8,3.4,9,5.6
2/2/2023,8.3,2.9,9.4,6.5
2/3/2023,9.2,3.2,10.7,7.5
2/4/2023,7.3,5.8,9.9,4.1
2/5/2023,6.5,5.6,8.3,2.7
2/6/2023,3.1,10.4,8.6,-1.8
2/7/2023,-0.3,10.5,5.9,-4.6
2/8/2023,0.1,12.1,6.7,-5.4
2/9/2023,1.8,7.1,5.3,-1.8
2/10/2023,3.6,11,8,-3
2/11/2023,7.7,5.1,10.4,5.3
2/12/2023,7.1,2.3,8.4,6.1
2/13/2023,6.7,11.4,11.5,0.1
2/14/2023,4,13,12.2,-0.8
2/15/2023,5.3,12.1,11.2,-0.9
2/16/2023,8.3,6.3,11,4.7
2/17/2023,10.4,3.1,11.9,8.8
2/18/2023,10.3,3.7,12.3,8.6
2/19/2023,7.8,4.9,10,5.1
2/20/2023,8.1,3.3,9.2,5.9
2/21/2023,7.9,2.8,8.8,6
2/22/2023,7,5.2,9.5,4.3
2/23/2023,6.4,9.3,9.2,-0.1
2/24/2023,4.4,9.8,8.2,-1.6
2/25/2023,3.5,9.3,7.2,-2.1
2/26/2023,2.5,8.1,6.5,-1.6
2/27/2023,1.7,11.7,7.3,-4.4
2/28/2023,2.3,10.5,6.8,-3.7
3/1/2023,1.6,13.6,7.8,-5.8
3/2/2023,3.5,9.4,8.9,-0.5
3/3/2023,4.3,7.8,7.9,0.1
3/4/2023,5.8,4.1,7.8,3.7
3/5/2023,4,4.6,6.4,1.8
3/6/2023,4,5.6,6.8,1.2
3/7/2023,2.1,6.3,5.1,-1.2
3/8/2023,0.4,5.5,3,-2.5
3/9/2023,1.6,2.2,2.5,0.3
3/10/2023,1.7,2.6,2.6,0
3/11/2023,1.7,11.4,7.1,-4.3
3/12/2023,7,10.2,11.6,1.4
3/13/2023,12.7,7.5,16.6,9.1
3/14/2023,6.6,9.5,10.8,1.3
3/15/2023,4.9,8.3,8.8,0.5
3/16/2023,8.6,9.7,14.1,4.4
3/17/2023,11.6,9.2,16.4,7.2
3/18/2023,12.2,6.3,15.4,9.1
3/19/2023,9.4,4.8,12.6,7.8
3/20/2023,8.3,3.1,9.7,6.6
3/21/2023,10.6,4.5,13.3,8.8
3/22/2023,10.8,2.8,12,9.2
3/23/2023,12.7,4.8,15.3,10.5
3/24/2023,11.3,4.3,14,9.7
3/25/2023,9.4,4.9,12.6,7.7
3/26/2023,7.2,6.3,9.1,2.8
3/27/2023,4.4,7.5,8.1,0.6
3/28/2023,4.5,10.8,8.9,-1.9
3/29/2023,10.6,8.6,14.2,5.6
3/30/2023,12.9,5.5,15.4,9.9
3/31/2023,10.7,3.2,13,9.8
4/1/2023,9.3,5.4,11.7,6.3
4/2/2023,5.8,7.6,10,2.4
4/3/2023,4.6,10.2,9.8,-0.4
4/4/2023,4.7,13.7,10.9,-2.8
4/5/2023,4.8,14.1,11.6,-2.5
4/6/2023,6.7,8.1,8.8,0.7
4/7/2023,8.6,3,10.2,7.2
4/8/2023,9.1,9.3,14.1,4.8
4/9/2023,10.9,8,15.6,7.6
4/10/2023,10.5,8.3,15.1,6.8
4/11/2023,10.4,5.6,13.3,7.7
4/12/2023,9,6.2,12.4,6.2
4/13/2023,8.4,9.5,12.5,3
4/14/2023,9.1,13.5,15.2,1.7
4/15/2023,8.9,8.4,13.1,4.7
4/16/2023,8.9,3.2,10.9,7.7
4/17/2023,10.2,8.4,15.5,7.1
4/18/2023,9.6,8.7,13.9,5.2
4/19/2023,10.9,8.1,15,6.9
4/20/2023,8.9,6.1,12.1,6
4/21/2023,10.7,10.5,16.2,5.7
4/22/2023,8.9,13.6,17.2,3.6
4/23/2023,11.5,10,16.9,6.9
4/24/2023,8.6,5.4,10.9,5.5
4/25/2023,6.4,8.6,10.7,2.1
4/26/2023,5.2,11,10.3,-0.7
4/27/2023,7.9,14.5,13.3,-1.2
4/28/2023,10.6,5.4,13.6,8.2
4/29/2023,11.1,11.2,15.9,4.7
4/30/2023,11,15.4,17.9,2.5
5/1/2023,11.8,10.7,17,6.3
5/2/2023,9.2,9.5,12.8,3.3
5/3/2023,9.3,15,15.6,0.6
5/4/2023,14.9,16.2,22.1,5.9
5/5/2023,13.8,8.9,18.8,9.9
5/6/2023,14.8,11.8,20.6,8.8
5/7/2023,15.2,10.3,21.2,10.9
5/8/2023,14.8,10.9,20.1,9.2
5/9/2023,13.7,2.6,14.9,12.3
5/10/2023,13,4.5,15.9,11.4
5/11/2023,13.2,6.5,16.5,10
5/12/2023,15.5,10.7,22,11.3
5/13/2023,16.4,11.4,22.2,10.8
5/14/2023,14.6,9.5,20,10.5
5/15/2023,11.3,6.5,15,8.5
5/16/2023,10.7,9.6,15.2,5.6
5/17/2023,10.5,9.5,14.2,4.7
5/18/2023,10.2,12,15.5,3.5
5/19/2023,13.8,12.6,19.2,6.6
5/20/2023,15.9,9.8,20.2,10.4
5/21/2023,16.9,7.4,21.4,14
5/22/2023,18,12.2,24.3,12.1
5/23/2023,12.4,8.7,15.5,6.8
5/24/2023,11.6,11.9,16.3,4.4
5/25/2023,12,12.3,17.2,4.9
5/26/2023,12.4,11.7,18.2,6.5
5/27/2023,14.7,16.1,22.1,6
5/28/2023,15.7,11.3,21.8,10.5
5/29/2023,12.8,9,17.7,8.7
5/30/2023,12.7,8.9,16.2,7.3
5/31/2023,15.4,13.2,22.4,9.2
6/1/2023,12.5,6.5,16.5,10
6/2/2023,13.9,8.2,18.6,10.4
6/3/2023,16.6,12.2,21.9,9.7
6/4/2023,15.9,11.9,21.8,9.9
6/5/2023,14.5,10.7,20,9.3
6/6/2023,15.7,12,21.9,9.9
6/7/2023,15.9,12.2,22.4,10.2
6/8/2023,17.8,14,24.7,10.7
6/9/2023,21.8,16.7,29.1,12.4
6/10/2023,23.6,12.7,29.8,17.1
6/11/2023,24.5,15.1,30.3,15.2
6/12/2023,24.3,14,29.9,15.9
6/13/2023,22.4,12.9,27.5,14.6
6/14/2023,20.3,11.9,25.4,13.5
6/15/2023,20,15.2,26.1,10.9
6/16/2023,19.1,16.2,26.5,10.3
6/17/2023,20.5,18.9,27.6,8.7
6/18/2023,21.9,9.9,25.1,15.2
6/19/2023,21.3,7,25.7,18.7
6/20/2023,22.1,11,29.6,18.6
6/21/2023,20.8,10.8,25.7,14.9
6/22/2023,18.9,11.2,24.2,13
6/23/2023,20.2,10.8,25.6,14.8
6/24/2023,21.3,15.6,28.3,12.7
6/25/2023,24.5,15.6,31.3,15.7
6/26/2023,19.2,9.8,22.8,13
6/27/2023,17.7,9.4,22.2,12.8
6/28/2023,18.4,7.6,21.8,14.2
6/29/2023,18.6,12,23.5,11.5
6/30/2023,17.6,14.4,22.9,8.5
7/1/2023,17.6,4,19.8,15.8
7/2/2023,17.3,8.3,20.8,12.5
7/3/2023,16.6,6.7,19.7,13
7/4/2023,16.8,8.8,21.3,12.5
7/5/2023,14.3,7.3,18.9,11.6
7/6/2023,16.9,11,22,11
7/7/2023,21,18,27.3,9.3
7/8/2023,24.7,15.1,32.2,17.1
7/9/2023,22,12.2,29.6,17.4
7/10/2023,20.5,10.4,25.4,15
7/11/2023,21.5,13.9,27.9,14
7/12/2023,18.8,6.6,22.6,16
7/13/2023,17.8,8.7,21.8,13.1
7/14/2023,19.3,9.9,23,13.1
7/15/2023,21,9.6,26.2,16.6
7/16/2023,19.1,6.1,22.6,16.5
7/17/2023,17.3,7.4,20.6,13.2
7/18/2023,18,12.6,23.8,11.2
7/19/2023,17.7,8.2,21.4,13.2
7/20/2023,17.1,9.9,21.6,11.7
7/21/2023,15.6,10.3,21.1,10.8
7/22/2023,15.4,9.3,19.5,10.2
7/23/2023,18,8.4,22.9,14.5
7/24/2023,16.9,11.4,21.4,10
7/25/2023,15,11.3,19.7,8.4
7/26/2023,15.4,12.2,20.7,8.5
7/27/2023,17,5.2,19,13.8
7/28/2023,19.8,7.2,23.8,16.6
7/29/2023,18.8,6.5,22.7,16.2
7/30/2023,17.4,6.5,21.2,14.7
7/31/2023,17.1,3.5,18.7,15.2
8/1/2023,17.1,5.9,20.5,14.6
8/2/2023,17.3,8.2,22.7,14.5
8/3/2023,17,5.9,20.2,14.3
8/4/2023,16.5,8.3,20.3,12
8/5/2023,15.2,6.2,18.6,12.4
8/6/2023,14.6,2.5,15.8,13.3
8/7/2023,15.4,5.3,18.6,13.3
8/8/2023,15.9,5.7,18.9,13.2
8/9/2023,16.2,9.3,21,11.7
8/10/2023,17.8,12.3,23.8,11.5
8/11/2023,20.9,13.8,27.5,13.7
8/12/2023,19.5,6.7,23.5,16.8
8/13/2023,18,9.8,22.3,12.5
8/14/2023,19.5,14.5,26.1,11.6
8/15/2023,18.6,12.3,24.1,11.8
8/16/2023,18.7,13.3,23.9,10.6
8/17/2023,18.1,4.4,20.3,15.9
8/18/2023,21,10.9,26.8,15.9
8/19/2023,21.8,10.9,26.4,15.5
8/20/2023,19.8,12.4,26,13.6
8/21/2023,19.7,11.8,26.4,14.6
8/22/2023,18.2,11.8,24,12.2
8/23/2023,18.8,14.2,25.9,11.7
8/24/2023,20.5,11.2,25.1,13.9
8/25/2023,19.2,9.1,23,13.9
8/26/2023,15.9,7.5,20.2,12.7
8/27/2023,15,5.7,18.2,12.5
8/28/2023,15.8,12.3,21.6,9.3
8/29/2023,14.1,10.5,19.6,9.1
8/30/2023,13.9,8.3,19.3,11
8/31/2023,15.2,8.2,19.8,11.6
9/1/2023,15.9,8.9,20.6,11.7
9/2/2023,16.5,11.3,22.6,11.3
9/3/2023,16.1,13.1,23.4,10.3
9/4/2023,17.8,16.6,25.2,8.6
9/5/2023,21,14.4,28.8,14.4
9/6/2023,21.7,15,29.6,14.6
9/7/2023,20.7,17,29.3,12.3
9/8/2023,21.6,16,30,14
9/9/2023,20.7,16.8,29.5,12.7
9/10/2023,23.3,14.9,31.1,16.2
9/11/2023,22,10.2,27.9,17.7
9/12/2023,19.7,8.4,24.3,15.9
9/13/2023,16.6,9.8,20.2,10.4
9/14/2023,14.1,13.2,20.9,7.7
9/15/2023,14.9,14.5,22,7.5
9/16/2023,18.1,15.7,24.8,9.1
9/17/2023,16.6,5.1,19.3,14.2
9/18/2023,18.6,8.5,22.2,13.7
9/19/2023,16.6,5.3,18.9,13.6
9/20/2023,18.5,5.3,21.8,16.5
9/21/2023,15.5,6.1,19.4,13.3
9/22/2023,14,6.2,17.7,11.5
9/23/2023,13.4,8.4,17.7,9.3
9/24/2023,13.9,12.4,19.7,7.3
9/25/2023,15.8,10.2,21.7,11.5
9/26/2023,15.9,9.9,21.5,11.6
9/27/2023,17.4,12.7,23.1,10.4
9/28/2023,17,6.6,19.5,12.9
9/29/2023,15.8,11.8,20.7,8.9
9/30/2023,14.7,10.1,19.5,9.4
10/1/2023,17.6,10.2,23.6,13.4
10/2/2023,18.2,10.6,23.6,13
10/3/2023,15.9,7.4,20,12.6
10/4/2023,14.6,6,17.7,11.7
10/5/2023,15.4,5.6,18.8,13.2
10/6/2023,16.1,6.8,19.8,13
10/7/2023,18.1,5.5,20.9,15.4
10/8/2023,15,6,17.6,11.6
10/9/2023,17.6,5.6,20.2,14.6
10/10/2023,17.4,10.2,22.7,12.5
10/11/2023,17.4,4.1,19.6,15.5
10/12/2023,15.5,4.2,17.3,13.1
10/13/2023,17.8,7.7,21.5,13.8
10/14/2023,10.9,7.2,14.1,6.9
10/15/2023,7.5,6.4,11.3,4.9
10/16/2023,8.8,8.5,13.1,4.6
10/17/2023,8.4,7.5,13.1,5.6
10/18/2023,9.4,8.2,13.6,5.4
10/19/2023,15,7.5,18.1,10.6
10/20/2023,11.6,5.3,14.6,9.3
10/21/2023,13,4.5,15.6,11.1
10/22/2023,11.3,10.2,15.7,5.5
10/23/2023,10.5,7.7,13.3,5.6
10/24/2023,11.4,4.1,13.4,9.3
10/25/2023,9.2,3.9,10.3,6.4
10/26/2023,9.4,3.4,10.8,7.4
10/27/2023,10.4,4.5,11.9,7.4
10/28/2023,11.8,6.2,14.8,8.6
10/29/2023,12.8,4.2,14.4,10.2
10/30/2023,11,4,13.6,9.6
10/31/2023,11,4.6,14.2,9.6
11/1/2023,12.2,5.8,15.4,9.6
11/2/2023,10.9,6.2,14.2,8
11/3/2023,9.5,4.6,12.2,7.6
11/4/2023,9.4,2.7,10.6,7.9
11/5/2023,10.4,3,12.2,9.2
11/6/2023,9.8,3.4,12.1,8.7
11/7/2023,9.6,5,12.5,7.5
11/8/2023,9.3,2.9,10.6,7.7
11/9/2023,9.4,4.7,11.5,6.8
11/10/2023,7.4,2.9,8.6,5.7
11/11/2023,7.5,4.7,10.2,5.5
11/12/2023,5.3,6.1,8.4,2.3
11/13/2023,10.2,11.8,15.3,3.5
11/14/2023,11.9,3.5,13.5,10
11/15/2023,11,3.7,13.6,9.9
11/16/2023,6.8,7.2,10.2,3
11/17/2023,5.1,8.1,10.3,2.2
11/18/2023,8.3,9.7,13.8,4.1
11/19/2023,12.4,2.7,13.9,11.2
11/20/2023,9.8,8,12.3,4.3
11/21/2023,7.2,8.3,10.5,2.2
11/22/2023,4.6,8.2,8.9,0.7
11/23/2023,11.2,4.9,13.3,8.4
11/24/2023,6.4,3.9,8.9,5
11/25/2023,5,7.9,8.4,0.5
11/26/2023,5,8,7.4,-0.6
11/27/2023,4.2,3.8,5.6,1.8
11/28/2023,2.1,4.7,4.5,-0.2
11/29/2023,2.4,5,4.6,-0.4
11/30/2023,-0.3,2.7,0.9,-1.8
12/1/2023,-1.2,4.2,0.8,-3.4
12/2/2023,-0.4,6.7,2.6,-4.1
12/3/2023,0.8,3.8,2.5,-1.3
12/4/2023,1.8,1.8,2.6,0.8
12/5/2023,1.8,1,2.4,1.4
12/6/2023,2.5,9.3,6.6,-2.7
12/7/2023,0.3,6,2.6,-3.4
12/8/2023,5.4,6.4,8.5,2.1
12/9/2023,8.1,5.4,11.1,5.7
12/10/2023,9.7,3.2,11.2,8
12/11/2023,9.2,2.8,10.5,7.7
12/12/2023,8,6.7,10.6,3.9
12/13/2023,8.2,4.4,9.9,5.5
12/14/2023,5.6,2.7,7.1,4.4
12/15/2023,8.4,3.6,10.2,6.6
12/16/2023,8.7,3.9,10.5,6.6
12/17/2023,8.6,4,10.3,6.3
12/18/2023,7.5,2.9,9.2,6.3
12/19/2023,7.9,2.4,8.9,6.5
12/20/2023,8.6,4.2,10.5,6.3
12/21/2023,9.8,6.5,12.2,5.7
12/22/2023,9,5.4,10.9,5.5
12/23/2023,10.3,3.9,11.2,7.3
12/24/2023,11.6,3.4,12.9,9.5
12/25/2023,11.6,2.3,12.5,10.2
12/26/2023,7.6,9.8,11.3,1.5
12/27/2023,7,10.1,10.7,0.6
12/28/2023,10.9,1.5,11.5,10
12/29/2023,9.3,5.9,11.4,5.5
12/30/2023,8.1,4.2,9.7,5.5
12/31/2023,8.8,1.6,9.5,7.9
1/1/2024,7.4,2.7,9.1,6.4
1/2/2024,10.5,6.1,12.9,6.8
1/3/2024,9.4,3,11,8
1/4/2024,7.6,3.2,9.2,6
1/5/2024,7,3.9,9,5.1
1/6/2024,3.2,4.4,5.1,0.7
1/7/2024,-0.2,3.4,1.4,-2
1/8/2024,-1.8,3.7,0.5,-3.2
1/9/2024,-3.2,5.7,0.1,-5.6
1/10/2024,-3.2,7.3,1.1,-6.2
1/11/2024,-1.9,10.5,2.9,-7.6
1/12/2024,3.3,4,5.3,1.3
1/13/2024,3.5,1.4,4.3,2.9
1/14/2024,2.8,2,3.6,1.6
1/15/2024,1.6,3.4,3.2,-0.2
1/16/2024,0.8,4.5,3.3,-1.2
1/17/2024,-1.5,3.2,0,-3.2
1/18/2024,-1.7,10.2,3.6,-6.6
1/19/2024,1.5,6.6,5.2,-1.4
1/20/2024,-0.4,3.9,2.3,-1.6
1/21/2024,3.7,10.2,9.2,-1
1/22/2024,9.6,6,12,6
1/23/2024,8.4,7.9,13.4,5.5
1/24/2024,10.4,5.5,13.4,7.9
1/25/2024,7,7.8,10,2.2
1/26/2024,8.1,7.3,11.3,4
1/27/2024,3.8,8.8,8.3,-0.5
1/28/2024,3.9,10.1,8.7,-1.4
1/29/2024,6.5,9.4,11.1,1.7
1/30/2024,7.9,7.8,11.5,3.7
1/31/2024,6.6,3.7,8,4.3
2/1/2024,6.5,6.2,9.6,3.4
2/2/2024,7.6,3.7,9.2,5.5
2/3/2024,10.1,2.4,11.4,9
2/4/2024,10.6,2.5,11.6,9.1
2/5/2024,9.6,2,10.7,8.7
2/6/2024,10.6,6.8,12.3,5.5
2/7/2024,4.1,7.4,7.2,-0.2
2/8/2024,2.8,8.3,8.1,-0.2
2/9/2024,10.8,4.8,12.9,8.1
2/10/2024,10.3,3.3,12.2,8.9
2/11/2024,8.7,3.9,10,6.1
2/12/2024,6.8,6.1,10,3.9
2/13/2024,6.7,5.8,9.6,3.8
2/14/2024,11.2,4.6,12.7,8.1
2/15/2024,12.8,4.8,15.5,10.7
2/16/2024,10.9,4,13,9
2/17/2024,10.6,3.1,12.3,9.2
2/18/2024,9.4,2.4,10.9,8.5
2/19/2024,8.7,4.8,10.9,6.1
2/20/2024,8.7,5.4,11.3,5.9
2/21/2024,9.3,1.7,10.4,8.7
2/22/2024,9.7,9.1,13.1,4
2/23/2024,6.1,5.2,9,3.8
2/24/2024,5,3.9,6.8,2.9
2/25/2024,6.4,3.9,8.9,5
2/26/2024,5,2.6,6.2,3.6
2/27/2024,4.3,8.5,9.1,0.6
2/28/2024,5.9,9.3,9.1,-0.2
2/29/2024,8.1,2.3,9,6.7
3/1/2024,8.2,4.4,9.9,5.5
3/2/2024,9.6,6.8,12.6,5.8
3/3/2024,11.1,8.2,15.9,7.7
3/4/2024,7.5,10.3,11.8,1.5
3/5/2024,5.7,7.5,8.5,1
3/6/2024,6.7,10,12.5,2.5
3/7/2024,5.1,8.2,9.7,1.5
3/8/2024,5.4,9.4,10.1,0.7
3/9/2024,8.2,9.7,12.8,3.1
3/10/2024,9.3,7.2,13.2,6
3/11/2024,6.9,1.7,8.2,6.5
3/12/2024,8.4,4.2,11,6.8
3/13/2024,11,3.8,12.5,8.7
3/14/2024,13,10,17.8,7.8
3/15/2024,13,4.1,15.3,11.2
3/16/2024,7.5,8.7,11.3,2.6
3/17/2024,9.4,8.8,12.8,4
3/18/2024,11.1,9.4,15.5,6.1
3/19/2024,11.5,10.7,17.1,6.4
3/20/2024,12,11.8,18.4,6.6
3/21/2024,9.5,3.5,11.3,7.8
3/22/2024,9.4,4.5,11.5,7
3/23/2024,6.9,5,9.5,4.5
3/24/2024,6.4,4.3,8.8,4.5
3/25/2024,7.3,9.7,12,2.3
3/26/2024,8.7,7.7,11.7,4
3/27/2024,9.6,6.2,12.8,6.6
3/28/2024,9.1,6.1,12.6,6.5
3/29/2024,10.9,6.6,14.4,7.8
3/30/2024,8.6,7.3,11.1,3.8
3/31/2024,10.5,12.7,16.6,3.9
4/1/2024,10,7.2,14,6.8
4/2/2024,9.7,5.6,12.6,7
4/3/2024,11,5.2,14.5,9.3
4/4/2024,12,6.6,15.2,8.6
4/5/2024,13.4,7.3,17.3,10
4/6/2024,18,13.2,24.1,10.9
4/7/2024,16.8,8.3,21.1,12.8
4/8/2024,15.3,7.6,19.1,11.5
4/9/2024,11.4,6,14.8,8.8
4/10/2024,11.7,6.5,15.1,8.6
4/11/2024,13.2,3.1,14.8,11.7
4/12/2024,16.1,6.8,20,13.2
4/13/2024,17.1,11.1,23.1,12
4/14/2024,11.6,6.3,14.7,8.4
4/15/2024,8,6.5,10.8,4.3
4/16/2024,8.2,8.7,12.5,3.8
4/17/2024,5.8,6.3,9.9,3.6
4/18/2024,7.5,11.3,12.1,0.8
4/19/2024,8.2,5.6,11.1,5.5
4/20/2024,7.3,5.3,10.5,5.2
4/21/2024,6.2,9.5,11.1,1.6
4/22/2024,5.5,10.3,10.4,0.1
4/23/2024,5.5,12.8,10.9,-1.9
4/24/2024,5.7,8.1,10.4,2.3
4/25/2024,6.1,8.6,10.5,1.9
4/26/2024,8.8,7.3,12.9,5.6
4/27/2024,11.8,10.3,16.4,6.1
4/28/2024,12.3,11,16.5,5.5
4/29/2024,12.5,15.5,19.7,4.2
4/30/2024,16.2,10.7,21.9,11.2
5/1/2024,19,10.6,24.4,13.8
5/2/2024,18.1,12.6,26,13.4
5/3/2024,11.2,7.1,13.7,6.6
5/4/2024,11.2,13,18.2,5.2
5/5/2024,12.2,8.9,17,8.1
5/6/2024,14.2,11.8,18.6,6.8
5/7/2024,14.8,8.5,19.4,10.9
5/8/2024,12.8,7.6,15.6,8
5/9/2024,13.2,13,18.4,5.4
5/10/2024,15.1,13.4,20.3,6.9
5/11/2024,16.8,13,23.1,10.1
5/12/2024,19.9,12.5,25.2,12.7
5/13/2024,19.2,10.5,24.8,14.3
5/14/2024,19.5,14.1,26.7,12.6
5/15/2024,16.4,9.7,21.6,11.9
5/16/2024,16.6,6.3,20.5,14.2
5/17/2024,15.4,7,19.7,12.7
5/18/2024,17,11.2,23.5,12.3
5/19/2024,17.7,10.1,22.8,12.7
5/20/2024,15.7,9.7,20.9,11.2
5/21/2024,16.9,13.5,23.7,10.2
5/22/2024,15.6,6,19.5,13.5
5/23/2024,15.3,9.3,19.4,10.1
5/24/2024,14.5,9.5,18.1,8.6
5/25/2024,15,9.7,18.8,9.1
5/26/2024,14.9,11.8,21.1,9.3
5/27/2024,14.2,8.4,18.1,9.7
5/28/2024,14.1,9.8,18.8,9
5/29/2024,14.5,8.9,18.3,9.4
5/30/2024,14.5,8.6,18.4,9.8
5/31/2024,15.6,7.9,19.5,11.6
6/1/2024,15.3,3.1,16.8,13.7
6/2/2024,14.3,5.3,17.5,12.2
6/3/2024,14.3,7.1,17.4,10.3
6/4/2024,16.6,8.9,21.5,12.6
6/5/2024,12.6,10.3,17,6.7
6/6/2024,12.4,12.3,18.3,6
6/7/2024,13.2,13.5,19.2,5.7
6/8/2024,13.1,12.9,19,6.1
6/9/2024,13,11.5,16.7,5.2
6/10/2024,11.3,6.8,15.4,8.6
6/11/2024,11.9,8.1,16,7.9
6/12/2024,11.5,6.4,15.3,8.9
6/13/2024,14.4,10.1,19,8.9
6/14/2024,15,5.9,18.3,12.4
6/15/2024,14.3,6.5,17.6,11.1
6/16/2024,14.4,7.4,18.6,11.2
6/17/2024,16.3,9.4,21,11.6
6/18/2024,15.2,7.3,17.9,10.6
6/19/2024,15.6,10.1,19.9,9.8
6/20/2024,16.4,11.7,21.1,9.4
6/21/2024,16.3,7.3,19.9,12.6
6/22/2024,16.3,9.5,20.6,11.1
6/23/2024,17.8,13.7,23.7,10
6/24/2024,20,16,26.4,10.4
6/25/2024,22.6,13.6,28.3,14.7
6/26/2024,24.1,12.8,30.2,17.4
6/27/2024,22.7,12.3,28.7,16.4
6/28/2024,17.2,10.8,21.5,10.7
6/29/2024,18.3,15.7,24.9,9.2
6/30/2024,17.7,8.2,22.2,14
7/1/2024,16.3,6.9,19,12.1
7/2/2024,15.2,7.4,18.2,10.8
7/3/2024,13.6,9.1,17.4,8.3
7/4/2024,16,4.2,18.2,14
7/5/2024,15.8,4.1,17.6,13.5
7/6/2024,16.5,8.2,20.5,12.3
7/7/2024,14.7,6.1,18,11.9
7/8/2024,17.2,10.6,21.6,11
7/9/2024,21,11.6,28.2,16.6
7/10/2024,19,9.6,23.6,14
7/11/2024,17.2,7.3,20.8,13.5
7/12/2024,14.4,1.8,15.4,13.6
7/13/2024,14.8,5.1,16.8,11.7
7/14/2024,16.7,11.7,21.4,9.7
7/15/2024,18.8,14.5,24.6,10.1
7/16/2024,17.7,5.9,21.4,15.5
7/17/2024,17.9,10.4,22.9,12.5
7/18/2024,20.2,15.6,27,11.4
7/19/2024,21.8,14.4,28.9,14.5
7/20/2024,23,14.8,30,15.2
7/21/2024,19.5,6.4,22.2,15.8
7/22/2024,19.4,11.7,23.8,12.1
7/23/2024,19.4,6.4,23,16.6
7/24/2024,17.6,10.7,22.1,11.4
7/25/2024,18.8,12.6,23.9,11.3
7/26/2024,18.5,10.7,22.7,12
7/27/2024,17.9,13.1,23.1,10
7/28/2024,18.3,11.6,23.6,12
7/29/2024,19.5,15.2,25.8,10.6
7/30/2024,22.8,15.5,29.5,14
7/31/2024,21.6,12.2,27.1,14.9
8/1/2024,19.5,7.3,23.2,15.9
8/2/2024,19.9,12.4,26.5,14.1
8/3/2024,20.3,8.8,24.7,15.9
8/4/2024,17.8,6.5,20.9,14.4
8/5/2024,19.2,11.1,24.2,13.1
8/6/2024,21.4,16.7,29.5,12.8
8/7/2024,19.8,7.5,23.4,15.9
8/8/2024,20.6,7.5,24.1,16.6
8/9/2024,20,10.5,24.2,13.7
8/10/2024,20.3,8.8,24.8,16
8/11/2024,21.8,13.5,27.8,14.3
8/12/2024,24.5,14.5,30.9,16.4
8/13/2024,24.4,11.3,30.7,19.4
8/14/2024,20.9,6.4,24.2,17.8
8/15/2024,21.2,9.1,25.5,16.4
8/16/2024,19.1,5.4,21.5,16.1
8/17/2024,18.1,9.9,23.2,13.3
8/18/2024,17,12.7,23.3,10.6
8/19/2024,17.1,13.6,22.9,9.3
8/20/2024,18,11.1,23.9,12.8
8/21/2024,16.1,7.6,19.9,12.3
8/22/2024,18.9,8.7,22.7,14
8/23/2024,18.8,10.7,23.4,12.7
8/24/2024,19,12.1,27.1,15
8/25/2024,16.4,7.3,20.4,13.1
8/26/2024,16.6,10.3,21.9,11.6
8/27/2024,17.3,15.1,24.8,9.7
8/28/2024,20.1,18.8,28.7,9.9
8/29/2024,19.3,12.2,25.8,13.6
8/30/2024,17.8,9.9,22.8,12.9
8/31/2024,18.4,8,23.1,15.1
9/1/2024,22.4,15,29.8,14.8
9/2/2024,22.8,12.2,29,16.8
9/3/2024,19.7,7.5,23.5,16
9/4/2024,18,6.9,21.6,14.7
9/5/2024,22.2,14.5,28.7,14.2
9/6/2024,21.5,9.6,27.2,17.6
9/7/2024,21.3,9,26.3,17.3
9/8/2024,18.3,9.8,21.9,12.1
9/9/2024,16.2,10.2,22,11.8
9/10/2024,14.4,6.3,16.8,10.5
9/11/2024,11,7.3,15.1,7.8
9/12/2024,10.1,10,15.4,5.4
9/13/2024,10.6,12.3,17,4.7
9/14/2024,10.6,14.7,18.1,3.4
9/15/2024,13.3,13.3,19,5.7
9/16/2024,14,10.7,19.3,8.6
9/17/2024,16.3,10.3,20,9.7
9/18/2024,16.9,8.7,22,13.3
9/19/2024,17,8.1,22.4,14.3
9/20/2024,17.8,8.6,22.8,14.2
9/21/2024,16.6,14.2,24.4,10.2
9/22/2024,17,14.1,24,9.9
9/23/2024,16.6,8.9,21.4,12.5
9/24/2024,14.3,8.7,19.4,10.7
9/25/2024,15.1,4.3,18.1,13.8
9/26/2024,15.6,5.5,19.3,13.8
9/27/2024,12.2,5.9,14.9,9
9/28/2024,10.3,8.3,14.9,6.6
9/29/2024,9.8,9.9,14.3,4.4
9/30/2024,12,6.1,14.8,8.7
10/1/2024,12.9,2.8,14.4,11.6
10/2/2024,10.9,4,12.2,8.2
10/3/2024,9.3,11.6,15.1,3.5
10/4/2024,7.5,14.7,16,1.3
10/5/2024,8.1,14.5,15.4,0.9
10/6/2024,11,11.4,15.5,4.1
10/7/2024,15.4,6.1,18.8,12.7
10/8/2024,15.9,5.1,18.2,13.1
10/9/2024,14,3.8,16,12.2
10/10/2024,11.8,6.6,14.6,8
10/11/2024,7.7,11.1,13.1,2
10/12/2024,8.7,10.5,12.2,1.7
10/13/2024,10.1,6.4,13.5,7.1
10/14/2024,7.2,10,12.1,2.1
10/15/2024,9.7,11.1,14.5,3.4
10/16/2024,15.6,9.1,20.4,11.3
10/17/2024,16.8,5.3,20,14.7
10/18/2024,15.3,5,17.6,12.6
10/19/2024,14.7,2.4,15.9,13.5
10/20/2024,15.5,4.4,17.9,13.5
10/21/2024,13.9,4.8,15.3,10.5
10/22/2024,12.2,7.4,16.5,9.1
10/23/2024,10.1,9,15.3,6.3
10/24/2024,10,10.6,14.6,4
10/25/2024,13.3,9.7,18.8,9.1
10/26/2024,13.9,10.7,19.3,8.6
10/27/2024,12.4,10.6,17,6.4
10/28/2024,12.3,6.8,14.6,7.8
10/29/2024,13.4,1.4,14,12.6
10/30/2024,13,3,15,12
10/31/2024,11.5,9.6,14.8,5.2
11/1/2024,10.3,6.7,11.6,4.9
11/2/2024,9.3,10.3,13,2.7
11/3/2024,5.7,13,13.4,0.4
11/4/2024,7,13.1,13.7,0.6
11/5/2024,5.9,11.5,11.7,0.2
11/6/2024,8.2,3.5,9.9,6.4
11/7/2024,5.3,4.4,7.6,3.2
11/8/2024,4.8,1.4,5.4,4
11/9/2024,6.6,2.6,7.7,5.1
11/10/2024,9,3.7,11.1,7.4
11/11/2024,10.3,5.4,13.6,8.2
11/12/2024,7.9,8.5,10.9,2.4
11/13/2024,8.3,8.9,11.9,3
11/14/2024,9.6,5.3,11.6,6.3
11/15/2024,8.5,6,10.2,4.2
11/16/2024,8.6,1.5,9.2,7.7
11/17/2024,7.4,5.4,9.7,4.3
11/18/2024,5.1,4.5,7.9,3.4
11/19/2024,3.2,5.1,5.5,0.4
11/20/2024,2.6,4.9,5.7,0.8
11/21/2024,0.9,7.5,4.7,-2.8
11/22/2024,3.3,6.2,6.2,0
11/23/2024,4.7,8.8,10,1.2
11/24/2024,14.3,7.8,17.1,9.3
11/25/2024,11.9,8.7,16.5,7.8
11/26/2024,7.3,7.4,10.1,2.7
11/27/2024,7.7,8.2,11.3,3.1
11/28/2024,6.7,6,10.2,4.2
11/29/2024,3.4,8.5,7.6,-0.9
11/30/2024,4.1,6.2,6.8,0.6
12/1/2024,5.7,7,8.5,1.5
12/2/2024,9.6,3.9,11.5,7.6
12/3/2024,5.7,7.2,8.4,1.2
12/4/2024,3.9,6.2,5.5,-0.7
12/5/2024,7,6.7,11.4,4.7
12/6/2024,8.4,6.2,11.1,4.9
12/7/2024,7.7,4.6,10.5,5.9
12/8/2024,6.5,1.4,7.1,5.7
12/9/2024,6.2,1.4,6.9,5.5
12/10/2024,5,1.1,5.7,4.6
12/11/2024,3.4,2.2,4.6,2.4
12/12/2024,3.4,2,4.5,2.5
12/13/2024,1.7,2.8,3.2,0.4
12/14/2024,4,4.5,6.2,1.7
12/15/2024,8,7.1,10.9,3.8
12/16/2024,9.8,2.6,11.1,8.5
12/17/2024,8.1,2.3,9.4,7.1
12/18/2024,10.6,6.6,13,6.4
12/19/2024,7.8,9.1,13.5,4.4
12/20/2024,5.9,3.5,7.4,3.9
12/21/2024,8.2,3.5,10.4,6.9
12/22/2024,5.6,6.1,9.4,3.3
12/23/2024,6.1,5.5,8.5,3
12/24/2024,5.6,5.6,8.1,2.5
12/25/2024,8.8,1.6,9.6,8
12/26/2024,6.4,4.4,8.2,3.8
12/27/2024,2.5,4.3,4.2,-0.1
12/28/2024,1,2.9,2.7,-0.2
12/29/2024,4,2.4,5.1,2.7
12/30/2024,6.9,3.6,8.2,4.6
12/31/2024,4.6,5.8,8,2.2
1/1/2025,7.8,5.1,9.9,4.8
1/2/2025,2.9,6.8,6.7,-0.1
1/3/2025,2.2,4,4.1,0.1
1/4/2025,1.9,3,3.4,0.4
1/5/2025,5.4,11.7,11.6,-0.1
1/6/2025,8.6,8.2,12.4,4.2
1/7/2025,3.6,3,5.4,2.4
1/8/2025,2.5,2.8,4,1.2
1/9/2025,2.1,7.3,6.3,-1
1/10/2025,2.2,7.7,5.3,-2.4
1/11/2025,0.5,10.3,5.8,-4.5
1/12/2025,1.7,6.6,6,-0.6
1/13/2025,0.5,8.5,5.2,-3.3
1/14/2025,2.8,7.3,5.7,-1.6
1/15/2025,6.6,1.7,7.3,5.6
1/16/2025,3.4,5,6.2,1.2
1/17/2025,0.1,4.2,2.2,-2
1/18/2025,-1.3,1.5,-0.7,-2.2
1/19/2025,-1,1,-0.7,-1.7
1/20/2025,-0.3,2,0.4,-1.6
1/21/2025,-0.5,1.7,0.1,-1.6
1/22/2025,2.1,5.8,4.5,-1.3
1/23/2025,5.5,3.2,7.2,4
1/24/2025,7.6,4.2,9.5,5.3
1/25/2025,5,5.2,7.2,2
1/26/2025,3.8,4,6,2
1/27/2025,9.1,6.1,12.1,6
1/28/2025,7.9,3.5,9.3,5.8
1/29/2025,7.2,3.2,8.4,5.2
1/30/2025,5.2,5.3,7.2,1.9
1/31/2025,1.7,9,6.5,-2.5
2/1/2025,0,10.3,6.5,-3.8
2/2/2025,-1.3,9.8,4.4,-5.4
2/3/2025,0.4,11.2,6.1,-5.1
2/4/2025,2.6,7.5,5.3,-2.2
2/5/2025,4.9,5.7,7.8,2.1
2/6/2025,4,6.6,8.1,1.5
2/7/2025,3.3,3.1,4.6,1.5
2/8/2025,4,5.5,7,1.5
2/9/2025,3.5,4.4,6.1,1.7
2/10/2025,1.8,2.8,3.3,0.5
2/11/2025,3.1,3.2,4.2,1
2/12/2025,3.8,4.4,6.7,2.3
2/13/2025,0.4,5.9,2.7,-3.2
2/14/2025,0,7.2,3,-4.2
2/15/2025,1.5,4.2,3.7,-0.5
2/16/2025,0.3,7.6,4.4,-3.2
2/17/2025,-1.4,8.4,3.2,-5.2
2/18/2025,-0.9,8.2,3.3,-4.9
2/19/2025,1.4,6.6,5,-1.6
2/20/2025,7.1,10.6,11.2,0.6
2/21/2025,13,8.9,17.9,9
2/22/2025,10.1,4.3,11.9,7.6
2/23/2025,10.4,7.6,14.7,7.1
2/24/2025,10.8,3.1,12.2,9.1
2/25/2025,8.8,4.5,11.2,6.7
2/26/2025,7.5,7.3,11.3,4
2/27/2025,5.9,4.6,8.5,3.9
2/28/2025,4.8,6.3,7.2,0.9
3/1/2025,3.4,9.6,7.9,-1.7
3/2/2025,1.8,13,9.8,-3.2
3/3/2025,2.3,14.9,10.6,-4.3
3/4/2025,3.1,16.3,12.3,-4
3/5/2025,5.4,18.4,15.5,-2.9
3/6/2025,7.4,19.2,17.8,-1.4
3/7/2025,9.5,15.3,18.1,2.8
3/8/2025,10.2,18.7,19.6,0.9
3/9/2025,9,17.7,18.2,0.5
3/10/2025,8.5,16.9,17,0.1
3/11/2025,5.6,8.2,9.2,1
3/12/2025,4.2,10.6,9.2,-1.4
3/13/2025,2.9,10.8,8,-2.8
3/14/2025,2.4,11.2,7.5,-3.7
3/15/2025,3.5,7.5,7.7,0.2
3/16/2025,4.7,10.6,9.2,-1.4
3/17/2025,5.9,8.5,10.1,1.6
3/18/2025,4.9,13.1,11.6,-1.5
3/19/2025,6.9,20.9,17.5,-3.4
3/20/2025,10.4,17,18.4,1.4
3/21/2025,15,16.7,21.9,5.2
3/22/2025,14.9,7.8,18.5,10.7
3/23/2025,13.3,8,17.7,9.7
3/24/2025,9.4,9.5,14.9,5.4
3/25/2025,8.4,7.5,13.1,5.6
3/26/2025,7.9,12,12.8,0.8
3/27/2025,7,17.6,16.2,-1.4
3/28/2025,8,8,12,4
3/29/2025,7.9,9.5,12.1,2.6
3/30/2025,10,6,13.1,7.1
3/31/2025,8.5,7,12,5
4/1/2025,8.8,11,14,3
4/2/2025,11.3,12,17,5
4/3/2025,12.8,13,19,6
4/4/2025,12.3,12,18,6
4/5/2025,9.7,9,14,5
4/6/2025,7.2,8,11,3
4/7/2025,7.7,9,12,3
4/8/2025,8.2,8,12,4
4/9/2025,8.7,9,13,4
4/10/2025,8.7,7,12,5
4/11/2025,8.7,7,12,5
4/12/2025,8.1,6,11,5
4/13/2025,7.7,7,11,4
4/14/2025,8.2,8,12,4
4/15/2025,8.6,7.9,12.4,4.5
4/16/2025,9,8.3,12.9,4.6
4/17/2025,9.3,8.6,13.4,4.8
4/18/2025,9.6,9,13.9,4.9
4/19/2025,9.9,9.5,14.5,5
4/20/2025,10.2,9.9,15,5.1
4/21/2025,10.5,10.3,15.5,5.2
4/22/2025,11.7,10.5,16.8,6.3
4/23/2025,11.7,10.5,16.8,6.3
4/24/2025,11.7,10.5,16.8,6.3
4/25/2025,11.7,10.5,16.8,6.3
4/26/2025,11.7,10.5,16.8,6.3
4/27/2025,11.7,10.5,16.8,6.3
4/28/2025,11.7,10.5,16.8,6.3
4/29/2025,11.7,10.5,16.8,6.3
4/30/2025,11.7,10.5,16.8,6.3
5/1/2025,12.05,12.65,18.2,5.55
5/2/2025,11.45,11.55,16.95,5.4
5/3/2025,11.85,11.2,16.5,5.3
5/4/2025,12,12.9,17.1,4.2
5/5/2025,12.25,12.8,18.25,5.45
5/6/2025,12.4,13.4,18.4,5
5/7/2025,12.3,13.25,19,5.75
5/8/2025,13.55,12.85,19.45,6.6
5/9/2025,13.85,13.55,19.7,6.15
5/10/2025,12.9,12.25,19.2,6.95
5/11/2025,14.45,13.8,20.15,6.35
5/12/2025,15.15,13.2,19.85,6.65
5/13/2025,13.8,10.85,19,8.15
5/14/2025,12.95,12.1,18.55,6.45
5/15/2025,12.9,10.95,17.65,6.7
5/16/2025,13.2,12.5,19.75,7.25
5/17/2025,13.65,11.95,18.9,6.95
5/18/2025,12.8,10.1,17.9,7.8
5/19/2025,12.9,11.05,18.35,7.3
5/20/2025,13.55,12.7,19.65,6.95
5/21/2025,13.15,11.6,18.95,7.35
5/22/2025,14.5,13.3,21.1,7.8
5/23/2025,15,14.1,21.25,7.15
5/24/2025,16.2,13.9,21.85,7.95
5/25/2025,14.9,11.25,19.3,8.05
5/26/2025,15.65,11.5,19.6,8.1
5/27/2025,15.2,12.75,21.35,8.6
5/28/2025,14.5,13.25,20.9,7.65
5/29/2025,15.6,11.5,21.25,9.75
5/30/2025,15.15,13,21.7,8.7
5/31/2025,14.95,11.65,20.55,8.9
6/1/2025,14.8,12.7,20.75,8.05
6/2/2025,14.7,11.7,19.8,8.1
6/3/2025,16.15,11.4,21.6,10.2
6/4/2025,14.9,10.9,20.4,9.5
6/5/2025,15.9,12.65,21.9,9.25
6/6/2025,16.2,12.45,21.5,9.05
6/7/2025,17.3,13.4,22.5,9.1
6/8/2025,16.15,13.1,22.25,9.15
6/9/2025,16.6,11.55,21.35,9.8
6/10/2025,16.85,12.5,22.3,9.8
6/11/2025,17.2,12.7,22.25,9.55
6/12/2025,16.65,12.15,21.05,8.9
6/13/2025,16.55,12.65,22.15,9.5
6/14/2025,15.35,12.55,21.5,8.95
6/15/2025,15.7,10.05,19.1,9.05
6/16/2025,16.5,12.85,21.65,8.8
6/17/2025,16.75,12,21.85,9.85
6/18/2025,16.1,10.55,21.6,11.05
6/19/2025,17.55,13.5,23.25,9.75
6/20/2025,17.75,12.1,23.35,11.25
6/21/2025,17.2,11.25,22.2,10.95
6/22/2025,16.9,11.2,21.55,10.35
6/23/2025,17.1,11.3,22.75,11.45
6/24/2025,18.15,12.1,23.2,11.1
6/25/2025,18.55,11.8,23.5,11.7
6/26/2025,18.5,11.45,22.95,11.5
6/27/2025,19.05,13,24.55,11.55
6/28/2025,18.7,11.8,23.35,11.55
6/29/2025,17.5,10.25,21.8,11.55
6/30/2025,18.6,12.7,24,11.3
7/1/2025,18.45,12.75,23.35,10.6
7/2/2025,19.05,11.4,24.15,12.75
7/3/2025,18.55,14.6,24.65,10.05
7/4/2025,18.15,12.9,23.6,10.7
7/5/2025,18.4,11.6,23.35,11.75
7/6/2025,18.05,11.3,22.9,11.6
7/7/2025,17.3,9.3,20.9,11.6
7/8/2025,18,11.9,22.35,10.45
7/9/2025,18.35,12.75,24.55,11.8
7/10/2025,18.9,11.3,23.65,12.35
7/11/2025,18.85,11.25,23.9,12.65
7/12/2025,18.35,11.5,23.4,11.9
7/13/2025,19.05,10.7,23.55,12.85
7/14/2025,17.8,12.15,23.95,11.8
7/15/2025,18.45,11.15,23.4,12.25
7/16/2025,19,11.85,24.15,12.3
7/17/2025,17.9,13.45,24.55,11.1
7/18/2025,18.7,13.2,24.15,10.95
7/19/2025,19.9,12.85,25.35,12.5
7/20/2025,19,11.3,24.25,12.95
7/21/2025,18.25,11.55,23.55,12
7/22/2025,18.8,10.5,23.25,12.75
7/23/2025,18.3,10.6,23.05,12.45
7/24/2025,19.5,13.2,24.85,11.65
7/25/2025,21,14.25,26.65,12.4
7/26/2025,20.55,11.55,25.6,14.05
7/27/2025,21,11.3,24.9,13.6
7/28/2025,18.3,11.75,24.05,12.3
7/29/2025,18.75,12.05,23.7,11.65
7/30/2025,18.85,12.25,24.65,12.4
7/31/2025,19.1,12.1,23.8,11.7
